x_20,y_20,z_20,x_15,y_15,z_15,x_14,y_14,z_14,x_13,y_13,z_13,x_12,y_12,z_12,x_5,y_5,z_5,x_4,y_4,z_4,x_3,y_3,z_3,x_1,y_1,z_1,x_6,y_6,z_6,x_7,y_7,z_7,x_8,y_8,z_8,x_9,y_9,z_9,x_10,y_10,z_10,x_11,y_11,z_11,Movimento
-0.11210459333182875,-0.7958620227043434,1.133807365847106,-0.13011973335737326,-0.7882593561258942,0.15068500407851568,-0.13702447385075364,-0.7688223518947563,0.5226374770155048,-0.13722259069949683,-0.7961049916794395,0.8828839789522757,-0.07834836325174806,-0.7788018219283607,0.16666187215965278,-0.04484069099336272,-0.8214981032185035,1.1002850821702788,-0.056006509545581916,-0.7994811452076872,1.370922878237054,-0.11284584911438719,-0.7856526391599143,1.4562273037315596,-0.11421085867049902,-0.7534011592811877,1.6907151145952763,-0.039545334997762104,-0.8074445498388002,0.8608232459219376,-0.16327793877064664,-0.7874354887569305,1.3743074790085896,-0.18013633727695388,-0.8020525519173629,1.118660339624575,-0.19769927095806245,-0.7669834076325492,0.8954916608215558,-0.08302842951287506,-0.8028090156541012,0.8729742296261362,-0.07928071814556929,-0.7541966789890782,0.507215701707519,0.0
-0.10836893501936605,-0.48403134604817943,1.1470578858726903,-0.12724516445672826,-0.4513015151023865,0.17144111018431815,-0.12292797412649778,-0.4544747257507161,0.535356595014271,-0.11738996557082589,-0.48067464602522947,0.8874027495321475,-0.10999476669454261,-0.4739855879427571,0.16792544816669666,-0.08976637698391354,-0.5018519254499361,1.1172396835527922,-0.08866455997095296,-0.4920964219754464,1.3881123266722026,-0.10466665633905091,-0.47416516443910567,1.451270169490262,-0.0972821674113603,-0.450087089032719,1.7119633636976543,-0.0920176618781529,-0.4912204149130144,0.8894465264521147,-0.12041099689974401,-0.4721390253423076,1.3890724062919617,-0.13027780823544355,-0.4894203987168638,1.11553220372451,-0.11429339600236792,-0.47435393686357297,0.8802170138610037,-0.102085952709527,-0.5113739832647537,0.8826258471137599,-0.09976963117890256,-0.495913351539792,0.5179832778478923,0.0
-0.09802290563498742,-0.7326351885584373,1.1669403036821235,-0.11453710552372798,-0.705911920487302,0.14547145224709823,-0.11306481060314273,-0.7017323600797398,0.5364820190425058,-0.10913268671579009,-0.7231584121066245,0.9246758575578338,-0.08052732091778787,-0.7126566646993613,0.1446142659242292,-0.07676533370949011,-0.7375556184973532,1.136567280130479,-0.07754466755234284,-0.7417376701837605,1.4015796259768958,-0.08948272771684643,-0.7298362414958408,1.4736341608380807,-0.07719856005351881,-0.7248093182022132,1.7166237020232145,-0.07601495521613261,-0.7199706886397693,0.8920795657102344,-0.11140543406205342,-0.7196600342314076,1.3945525433253316,-0.1237671776647562,-0.7147059186171849,1.1174669242599635,-0.10893436821485028,-0.707822052038555,0.8575853456571264,-0.0923579206477706,-0.7323416425683762,0.9218005954640583,-0.0858480189401358,-0.6887515942991069,0.5371544181721882,0.0
-0.11033836950310598,-0.8760136591759053,1.1548996707972359,-0.11597024550400081,-0.8640983296266082,0.1385703903860321,-0.12204006429665777,-0.8606066050044462,0.5041229578794217,-0.11583833958652309,-0.8730570399293712,0.899708207915811,-0.08999444132239338,-0.832813908816224,0.13202964087181232,-0.09417747619434022,-0.8633163740091464,1.12334415900941,-0.09948234003882937,-0.8714999324258637,1.397754731131535,-0.11165506230877238,-0.8681870329138988,1.4654820152357513,-0.11525469368058897,-0.8538350763128084,1.7152804557014913,-0.09910966208496806,-0.8486025731499288,0.8613351992532319,-0.11906964240787442,-0.8777238317883993,1.3995269747341381,-0.13094949124234856,-0.8820783366990166,1.1349537045347924,-0.13573343706700733,-0.8751649481116557,0.8844255057035708,-0.10108667371598273,-0.8703612935370948,0.8986057767681047,-0.09878696094101007,-0.8397297348060152,0.5145983237261865,0.0
-0.18307361556933477,-0.5841071038865127,1.1013871174592238,-0.2149206601942961,-0.6189140018362266,0.13525191804823966,-0.235055579073154,-0.5835733031424192,0.49916104628489566,-0.20675805313154483,-0.606481910783511,0.82219526802118,-0.1232363625895232,-0.5682544893943346,0.1441503382072999,-0.12041474762372673,-0.597015156222579,1.0780309264476482,-0.1391549253746724,-0.6129268301794162,1.3424295141146734,-0.18071346168334668,-0.6175813450836218,1.4052539779589726,-0.18881064779483356,-0.5995728560938285,1.6607292459561274,-0.15594571333091992,-0.5458940342570153,0.8566494895861699,-0.23309286002499552,-0.6292086742245234,1.3301948244755084,-0.2436486396795282,-0.6242835040562428,1.0657496544030995,-0.22183230258524417,-0.5782187390785951,0.8184865231697376,-0.15501580937550619,-0.5587853979605895,0.8037753921288711,-0.1248915236729842,-0.5059514009035551,0.4863063848935641,0.0
0.06257008376543398,-0.7827009437242886,1.1394777158638099,0.05209944486336831,-0.7751378422820723,0.12028701307082718,0.045487685987798426,-0.7645855744357233,0.4910422567423288,0.052928136540697765,-0.7851288935000246,0.8676487323525665,0.08996166453648408,-0.7916523705587372,0.1440714497070808,0.11717994656268653,-0.7936626542117688,1.1301781419035677,0.09868675272899692,-0.7935199195990799,1.4054207739891944,0.06554004230669566,-0.7769058447379571,1.4406767443983586,0.07551486461193531,-0.7567982555596859,1.6651539641928363,0.12104837852832559,-0.7660899135320411,0.913908153385311,0.03243371095831881,-0.7870841250791178,1.3848797802801256,0.019368946292231997,-0.783234676370373,1.1170628245000715,0.03701480994509025,-0.7717764911713538,0.8998658231326512,0.08025638566030395,-0.7832177427654796,0.8496620415093062,0.07768375564414959,-0.7789250670973055,0.4717447405511683,1.0
-0.2160139800662701,-0.7738831021124497,1.1374849599820596,-0.23441181957497503,-0.759243234069328,0.12266814270643173,-0.21989435303300894,-0.7686533511905173,0.49312500931598524,-0.21733647310692403,-0.770855029016578,0.867599316769176,-0.2168507130333671,-0.7690933990395732,0.11231811011761979,-0.21806269889822472,-0.7946743099363865,1.1209542905842815,-0.21577538627294685,-0.7838360238647847,1.3933495735680614,-0.2106752219368462,-0.7746852661711509,1.4574666895248272,-0.19569605649276464,-0.7798903214365795,1.6807406710469406,-0.21455939624596526,-0.7948932687027587,0.8781934750300867,-0.21599303909223871,-0.7604032727303328,1.4002875166910667,-0.21830952783649857,-0.7520677975262515,1.1332862459950976,-0.20627261664399324,-0.7491124851879215,0.8898327990814492,-0.21477434776412943,-0.7806046238746839,0.8622210232747926,-0.2041945736769035,-0.7655000839623864,0.4738047694166501,1.0
0.037065481984770145,-0.7617636157030409,1.197271882713615,0.034610342814937814,-0.7681145254770512,0.15585370855284975,0.010177039400698593,-0.7642378268110288,0.5266982409861181,0.014737458773752578,-0.7695502605918166,0.9376524710035944,0.0633185695034343,-0.7410431206453132,0.15723075456433483,0.10220715471289375,-0.7537428479560034,1.1775131241067665,0.07986454909981845,-0.7501846381838059,1.4463348667342941,0.035651915706694126,-0.7502411353317174,1.499905649717752,0.02317498889207453,-0.7282239637011058,1.7329061449348153,0.10144006668940767,-0.736545586214679,0.9520194801417264,-0.0031609934234580438,-0.77204568916327,1.4554732697350639,-0.015598881457533156,-0.7796686365232839,1.1987376336927538,-0.02227655239403248,-0.7619176588275216,0.9505726331240171,0.061128064421574015,-0.7582208866785679,0.9327964713047077,0.06168432216547042,-0.7347669009385365,0.5214410466807229,1.0
-0.1794705207262115,-0.8574267380525556,1.1956161970502874,-0.1874282034637218,-0.839935317557054,0.16035538191875714,-0.16966432607942,-0.8444093658112701,0.5286794643053848,-0.17469589722348022,-0.8482705711104562,0.9436181475607197,-0.18480739250172223,-0.8468044224493415,0.16942121946577277,-0.18296277979807404,-0.8695606242739753,1.1792482619874933,-0.179684459166392,-0.8721122050218368,1.4455595404914257,-0.17275303281226267,-0.8621468020372847,1.4834733555156194,-0.15010531205851374,-0.8645623482847482,1.727795026275549,-0.17455469690305128,-0.8749179847203614,0.9407958140533962,-0.1767053955647927,-0.8444354303986923,1.4455184414145652,-0.17655134045393364,-0.8327288509168652,1.1810403305493045,-0.17696416622885827,-0.8255413778105312,0.9477163124620245,-0.18563759391813467,-0.8585236482740788,0.9239014454102248,-0.18114491212547998,-0.8580936229044802,0.5090446579322386,1.0
0.06302610547214314,-0.8200311248285183,1.188681165377299,0.037898816205426185,-0.8145302055754523,0.1414579045081484,0.04017713994118453,-0.789984424692997,0.5434653063615164,0.044341125370313726,-0.8102524375569993,0.9352633037428925,0.10618652429674631,-0.8215747647142658,0.1334958935453408,0.12280928907726986,-0.8366699820262906,1.1654728098192078,0.10149336104834641,-0.8344899840885773,1.4370208201201067,0.06184853971733347,-0.8144241964471512,1.5049973622612332,0.0601211981712908,-0.7963192731789921,1.768680695174397,0.12858796522588187,-0.790995096463872,1.0103582342465718,0.021760920568814745,-0.8108326272256132,1.431474842886994,0.013690494257362856,-0.8075567511976629,1.14500441758529,0.029819808016274717,-0.766109389671381,0.9559688481731691,0.08386143145110944,-0.8231926409500665,0.9315328537553981,0.09094701599383699,-0.8115414483607679,0.5249371049196824,1.0
-0.1997457693824657,-0.9279395906950336,1.1855514308056199,-0.19406927327053194,-0.9078119653894241,0.13585863677582827,-0.1944161860583664,-0.9307499654340019,0.5304144312100239,-0.19780988095283328,-0.9300929157018482,0.9287937348147473,-0.2216212228277182,-0.8864968521408287,0.13228251253176165,-0.20402179770620474,-0.9159674461571926,1.1725827986935535,-0.20421803103451008,-0.922530383589756,1.4381809995835086,-0.19563821354230126,-0.9293580964566713,1.4985675294715237,-0.1945046614575009,-0.9288730973220733,1.746244851365147,-0.20867677129446024,-0.9255309542753252,1.0394274815019355,-0.18928209401411847,-0.9352711990969368,1.429833099066493,-0.19385962821655425,-0.9292614930589874,1.1615432299763324,-0.2014630259889885,-0.9310113843530416,1.0296963230673088,-0.20503708639417786,-0.9219651847000582,0.9257801842976765,-0.2183741850396955,-0.9048355451226795,0.52313595040735,1.0
0.1351101577813015,-0.9012774687909176,1.1649653429395697,0.13487849920318368,-0.8743346963454498,0.1207492666821299,0.12571444589477243,-0.8599079047026259,0.5012987490450398,0.11793000913052454,-0.8799901582886663,0.905225127600552,0.12664757072506996,-0.9124778793219561,0.11504618825621149,0.1877879116140055,-0.940697083103188,1.122512917840079,0.17492356524590844,-0.9347097088760706,1.408360706286484,0.14098704810348456,-0.9012460552700116,1.4862897972042641,0.1559178960493902,-0.8733773751281139,1.728700944546903,0.19722534972504618,-0.9153216399273343,0.8806474684329515,0.09856607363653484,-0.8798869779605544,1.416967316959681,0.06968208990488829,-0.871995323494579,1.1530621560771814,0.07205533261379499,-0.8481381471907155,0.8968780764033285,0.15415115421637893,-0.9124979948405219,0.9020928874444426,0.14721059237261502,-0.9122247369436736,0.4941137131680264,1.0
-0.18169488166600015,-0.8579907001824014,1.1665668198556611,-0.1793736615864974,-0.8405477632721415,0.13269200119556804,-0.18299819707795226,-0.8655901055246817,0.5041326163995146,-0.16695363298905166,-0.8744772877403055,0.9087536202536689,-0.17277497087953367,-0.8506538353771009,0.13669129778076,-0.2206369328754719,-0.8089809353002394,1.1344702918120104,-0.20830798687206376,-0.8299173733614611,1.4136307107077704,-0.186559016374175,-0.8638815380117828,1.4891615239056675,-0.19486147402832754,-0.884517838896224,1.7140863096774226,-0.23723368499559735,-0.8081838653770962,0.8641551070743136,-0.1531383121724833,-0.8863053269533798,1.4118355175461432,-0.1362542866338503,-0.8948353312608569,1.1367263613325176,-0.14458753043465844,-0.9146612679416483,0.885352677167064,-0.19711738375881027,-0.8441430585731686,0.9030297446732569,-0.19946909688337885,-0.8394430498921811,0.49570855588623974,1.0
0.06243805105106965,-0.8215996512482243,1.1790554523468018,0.03158067058651678,-0.8165999709838822,0.15209741457816092,0.03687826332245623,-0.8088087477991658,0.5153987696093898,0.04288368764795333,-0.8070317023704129,0.9006707706759053,0.10354597506023222,-0.8311084030766881,0.14227814053095156,0.12099049854723196,-0.8523944646360413,1.1843881857010625,0.09993022019343992,-0.8482314879525332,1.4523886961321677,0.0647202308530048,-0.8191774852814213,1.4948122866692082,0.07196485554619182,-0.794865790634386,1.726440554664981,0.13794096604350112,-0.8275692437535092,0.9657620412688102,0.024829593320910427,-0.810074161137304,1.4361460785711966,0.012777058283738311,-0.7993066378178135,1.158389937493109,0.02168995981487716,-0.7808453656973378,0.916762565412829,0.08633095290391676,-0.8317302705780152,0.9007372394684823,0.0945641519802232,-0.8194467636696514,0.5169845295529212,1.0
-0.17478662307396353,-0.892334835337741,1.1829323115802945,-0.16300430163669044,-0.8915988800692416,0.15751168586402423,-0.1721299407959339,-0.9040591967336479,0.529301962682179,-0.17131028559968053,-0.9046973580538872,0.9064155178410667,-0.20454374002292752,-0.8629637603962259,0.16841661504336766,-0.19515466803152645,-0.8494242572646943,1.1804841529755365,-0.18243218084708565,-0.8690190561326399,1.4492436931246804,-0.17222690669309704,-0.9010642809527261,1.5008796680541265,-0.18222274435018854,-0.9155543806652228,1.7161944320514089,-0.22140791731154813,-0.8446498143575376,0.9349259081340972,-0.15082097960458624,-0.9174247358210518,1.446947415669759,-0.1448600335972428,-0.9258695536714402,1.1662032072033202,-0.15783046823482783,-0.936537550207937,0.9391966249261584,-0.19064915202380645,-0.8759306459909394,0.9000369757413864,-0.20385777991863765,-0.8737766797255192,0.5195612609386444,1.0
-0.047409175304559674,-0.7905641289927611,1.0753703538964434,-0.055316620786869886,-0.7754419018321376,0.12345430826223115,-0.05490933472245205,-0.7810560636585806,0.4601968683120681,-0.04933232432458459,-0.7883086911425358,0.8209589065575018,-0.03486418456020879,-0.8012929195651739,0.1370688997629303,-0.03685945081638127,-0.79496357623465,1.0538080552729165,-0.03955447389857798,-0.8042393626486201,1.3149885956834002,-0.04842628939531562,-0.7920988093970752,1.3945254683494568,-0.038287885509794804,-0.7850582824065918,1.610486176137517,-0.041136593325063586,-0.7808944384578798,0.8103615736089101,-0.053180250816228916,-0.7851260073664712,1.321851289853817,-0.0565723127163038,-0.7814506143331528,1.0651956578580344,-0.05363298509065516,-0.7768143166946929,0.8270012518254722,-0.04091888793357989,-0.7948985539558457,0.815939815306082,-0.04446344564827841,-0.798407017443579,0.43968814684123525,1.0
-0.015969442784122816,-0.8254088013343615,1.1312690777321384,-0.02020685298189725,-0.7986005593907751,0.13823962063617903,-0.012117161315049313,-0.7997931538991732,0.5194172083515011,-0.015722197010054267,-0.8114681559780689,0.9210481598769149,-0.004680790944815907,-0.8103598762648052,0.26976144946601294,0.004201506762063666,-0.8212439187751343,1.096504847480826,-0.00890969902006686,-0.8329814663412024,1.3734052654815048,-0.005408042812184112,-0.8225827493692097,1.278146229174039,-0.0009074728578737337,-0.8145293824833958,1.5494771092517736,-0.0037370378993553657,-0.8121699087946893,0.8647694677522738,-0.028389492962024594,-0.8128527399815925,1.308557109473503,-0.037489976969943065,-0.8090993002669452,1.0299292312909478,-0.03228230289604566,-0.7956984757560573,0.8375679336182059,-0.014219423730487693,-0.7616938697556926,0.8029756047954298,-0.025257907437849534,-0.7158227255017726,0.45085002094098964,1.0
0.0026830703496844286,-0.8926807420509812,1.1217697786078566,0.027080368211803336,-0.890518589114349,0.1832034172534588,0.014710534803314312,-0.888244676629949,0.5263676712555545,0.006990024409842157,-0.8990802849598584,0.8997637372286547,-0.002559585141993704,-0.857110580681668,0.3054556419540729,0.006909574806091509,-0.8685988517744201,1.0934186250503575,-0.0016466708426984649,-0.8897599217792352,1.3608146501438958,-0.00807630647406248,-0.8872749885278088,1.3223615930016552,-0.011469842489099219,-0.8715447088526118,1.4465014976227568,0.00534204496735973,-0.865319289067494,0.850698070866721,0.007262340879866055,-0.8753002831640299,1.2767470035524595,0.0032015105576387475,-0.8388962767840851,0.9997816979885101,0.00027466185912046405,-0.8272850705654404,0.7966170218728837,-0.005484651796342362,-0.7964735704341105,0.7792264279865083,-0.020192815146098535,-0.727168372854413,0.4079189343111856,1.0
-0.10599687900394202,-0.8215360511954014,1.1557153371664195,-0.10828326047899631,-0.8313199453055858,0.12910009794510327,-0.11609564304638367,-0.8355188572636018,0.5103633743066054,-0.09840223458595573,-0.8368093724434192,0.9048712968826294,-0.07450406075670168,-0.800717032328248,0.14033281467854977,-0.10773745636240795,-0.7618739566120963,1.1577940225601195,-0.11974611294348365,-0.790073932442241,1.4098589713756855,-0.11619850907188195,-0.8285176054789469,1.4611741120998676,-0.14657191287439603,-0.8485870099984683,1.7003065035893368,-0.12242663528483648,-0.7571290606704469,0.9143511607096746,-0.09461476059917073,-0.8552796776478108,1.3808286538490882,-0.08031494117816552,-0.8625466864842635,1.100917907861563,-0.08396159528526298,-0.8806487051340249,0.84293164565013,-0.10656729036798844,-0.8026934461524853,0.9086166381835937,-0.10016753209324983,-0.8017585663877141,0.5129953998785752,1.0
-0.0516120753396886,-0.7891854883048189,1.1279059605426098,-0.05140092107186835,-0.7639014027249741,0.13241639494312457,-0.050565386768879304,-0.7683532823056701,0.5000105776700629,-0.049582563497754466,-0.7759929054293287,0.8811030531504068,-0.06082910357649068,-0.7885935579662222,0.1847229511533157,-0.05698484361889851,-0.8138887547573681,1.0997040788811374,-0.05458554821874363,-0.8097978327339178,1.3787614810897644,-0.045772531304837355,-0.7929582166743566,1.4070494577109096,-0.035103112279650676,-0.7780515795730683,1.628209799887186,-0.05187901644686978,-0.8147777377302388,0.8677431043372097,-0.04695475534592048,-0.7674372005893524,1.355349853096238,-0.05176077075639224,-0.7653761606618582,1.0629333451569798,-0.05041558371789484,-0.7725846630981169,0.825586205505463,-0.055763899584312035,-0.7940081441774964,0.8420346989689103,-0.05185309730200882,-0.7893092943837934,0.4665537849966302,1.0
-0.059658433973748724,-0.8398728680837414,1.1275858684726383,-0.05597911056374078,-0.8347789815765598,0.13122022538142197,-0.05477521226962183,-0.8299256663809976,0.5070878526438838,-0.0657127952132293,-0.8338311479892582,0.880183078672575,-0.05045017325724273,-0.8152751959050479,0.12642872277849718,-0.04284076531083607,-0.8593055903911591,1.072561289953149,-0.0461361188158069,-0.8472184075609498,1.3639716700367306,-0.05568758387412147,-0.8392000210916867,1.4258543693501016,-0.04089632548351327,-0.8295897048614596,1.6765479963758718,-0.03529726717945026,-0.8550079633360324,0.8148313715406086,-0.06953215102143788,-0.8272909451473464,1.3779038113096487,-0.0710509828514541,-0.8211570490688167,1.091478115838507,-0.06703050350567893,-0.8057541949472026,0.8371697061735651,-0.05606163613803168,-0.8415258985174738,0.8760352342025094,-0.051823005998259127,-0.8275501230002745,0.4988694479284079,1.0
0.10406766097882006,-0.7104919005443554,1.1580498088704478,0.09968279355947887,-0.7163907059844086,0.17166412022370514,0.09572780619624376,-0.7224324846981407,0.5314129068709836,0.10646947910363722,-0.7270672458851027,0.9039071444237586,0.11308641198764344,-0.6976276225235203,0.16405298413321523,0.10790435572864839,-0.664491731655037,1.137335213104097,0.10294192136578852,-0.6846655166090125,1.4037390734889719,0.0942151656761618,-0.7146686944040922,1.4732109981008095,0.06581833563966326,-0.7154704405382128,1.7185418806453743,0.08023433529974727,-0.6607779421576179,0.9168357577654395,0.10579604814105695,-0.7348591730478081,1.4032281035243874,0.11121943899623976,-0.7471750496729913,1.1391167428233835,0.09035109551531254,-0.7506466717228736,0.9071043440611055,0.10718126395846357,-0.695754215563878,0.9022860591954524,0.09794291470310476,-0.6984270786737451,0.526377006922618,1.0
-0.06985560189814696,-0.7606872488992124,1.1512484459937373,-0.07238618628552207,-0.7652930969584592,0.1559131186031088,-0.07169929224573358,-0.77235567267937,0.5168914198875427,-0.06664731743733716,-0.760432747063003,0.8989437644994711,-0.06330210667787285,-0.7557668370206522,0.15098632504291173,-0.09032479375070315,-0.7702155842716936,1.1281638749038116,-0.07242514096389088,-0.7634630716712321,1.3957349378851396,-0.06971706002007556,-0.7679359708688681,1.4729799122750005,-0.0692780273435991,-0.7791949017327043,1.7063656819017627,-0.09182023669628403,-0.7694238085679922,0.9232987625689446,-0.07107933332312474,-0.7678872049326384,1.3960422775413417,-0.06289115002308088,-0.7600685074642489,1.132948342757889,-0.05799883313748184,-0.7763626378359674,0.8811192338979696,-0.07551972416547846,-0.7642648716964111,0.8817753361750252,-0.0793081518569136,-0.7683894972352288,0.5070582760285728,1.0
0.022654937158028285,-0.7377433051603536,1.1761530637741089,0.02263024912836651,-0.7338095059618354,0.1578841080268224,0.03239965486029784,-0.7366118581057526,0.5083331247170766,0.03028454526948432,-0.7392037293190757,0.907928884824117,0.021262617508570354,-0.7446344028413295,0.13978478625416757,-0.0029201133807267373,-0.7253862204154332,1.173278841972351,0.008013399330278238,-0.7322783182064693,1.4394970242182414,0.024191717331608135,-0.746949228576074,1.4973716958363852,0.020824864295621713,-0.7652399792522192,1.7361013491948445,-0.004188668690621853,-0.7251373519500096,0.9472931067148844,0.04406062227984269,-0.7443133893360694,1.4201637347539267,0.04813095036894083,-0.7434988935043414,1.132272278467814,0.048320138690372307,-0.748714826637879,0.8788444876670838,0.011219096897790829,-0.7376409896214803,0.9103465684254964,0.010998522508889436,-0.7461352050304413,0.5008916922410329,1.0
-0.18869140315236468,-0.6514827639142032,1.170735396520056,-0.1770485064221753,-0.6196378716690973,0.1452309117473737,-0.16252345822379935,-0.6334887801242094,0.5042607946829363,-0.1736141314572476,-0.6359074729626453,0.9066143427232299,-0.21492593583998956,-0.6643961046121525,0.13999534654195864,-0.22807555139591598,-0.6847122640400711,1.141724321577284,-0.21218192234936387,-0.6777369454056212,1.426789726873841,-0.18428747720000418,-0.6651018917386542,1.4953822896938131,-0.16202009925524694,-0.6918007807072365,1.7395137897645585,-0.21628242225922417,-0.7031037764755463,0.9084931901006987,-0.16819229063982463,-0.6297951271625781,1.4228515889909532,-0.16153182016422202,-0.6141699710508075,1.1345465917779942,-0.14603538306975605,-0.6124032484837855,0.8821554713779025,-0.19866312216941473,-0.6599750873107096,0.9052344343879006,-0.19859250405370588,-0.6658133544048972,0.5025821310101133,1.0
-0.06466506481319007,-0.8190136758231483,1.14400058932009,-0.060881723575623686,-0.8090072411433917,0.1435322460875047,-0.061641816921383805,-0.8022939118276458,0.5169143671483065,-0.0723382396236128,-0.8131114167482716,0.8922023873413558,-0.07395408387178456,-0.8092572656006808,0.15390508682096163,-0.038960157620588694,-0.8380991306683395,1.1086235383970549,-0.04001463273647282,-0.8330775320002463,1.3874336998019599,-0.06457074326504253,-0.8283185713586554,1.4538017775105163,-0.06255014384354968,-0.8005407462473464,1.7009743910975161,-0.03254840501575871,-0.8206441386611061,0.8618657821047623,-0.08608796811802724,-0.8094427117076496,1.3878769167756613,-0.09613508076728446,-0.807276305853826,1.1188566803404716,-0.0924680884536026,-0.7862855476343724,0.9065971733194537,-0.052276240281587616,-0.823046671494479,0.8760711851373183,-0.05918629544960186,-0.8076332843722364,0.5032656881134067,1.0
-0.12665065275558102,-0.9392400355162945,1.1448516087098555,-0.1366461963367659,-0.9379173035479405,0.16259510053152387,-0.13849338731432165,-0.933681232558394,0.531190266663378,-0.13464396297720008,-0.9518588558262722,0.8879938692023809,-0.09484389095186171,-0.9508767778223212,0.21203663403337653,-0.09344055473180064,-0.9502783048559319,1.1236182234504006,-0.10299513832300859,-0.9434862535192885,1.388738908550956,-0.12193299340486358,-0.9341383356262337,1.4678329157389023,-0.10808205797829115,-0.9296082024970516,1.64485299739648,-0.09956666310211983,-0.9325997559988702,0.883210647512566,-0.15061288664583117,-0.9450849439440803,1.3792352385141633,-0.1606773983221501,-0.9463861598209902,1.1196483766490763,-0.14560670457219452,-0.9437909256666899,0.9136267988519235,-0.11003304888838143,-0.9197915706847032,0.8625447804277594,-0.11019112247000025,-0.8472310970960693,0.4858460267159072,2.0
-0.13502137515173163,-1.0545991854441743,1.1794156566742928,-0.15824616247768042,-0.9691945366481299,0.20231703865111514,-0.15571426062704494,-0.9948446787893772,0.5341286438126718,-0.15806361741977193,-0.9862740277663193,0.9287407513587705,-0.13662134475445234,-1.04200857264861,0.22970677255302346,-0.13136874461516498,-1.0747409478951526,1.1963402814762567,-0.13282417108289776,-1.0607711768719137,1.4399644982430242,-0.1483821011679147,-1.0138626926708767,1.473338048945191,-0.12258668450678709,-0.9607228336315001,1.657594171102329,-0.14161533637032395,-0.9981872293977968,0.940783021911498,-0.17588729602384873,-0.913957583728016,1.3491345656815397,-0.18675764873423564,-0.9055983763067953,1.0789504807482484,-0.1774594874862301,-0.8922674316632492,0.8356364221983058,-0.1403458803010884,-0.9586283404640453,0.8639856653828775,-0.13585160526519602,-0.9847793517514102,0.4814181504070118,2.0
-0.13662785911359465,-0.3323914797331851,1.1525991914364009,-0.13436586917892923,-0.30952785006509376,0.15675857691810682,-0.1326376388594956,-0.3255034414659559,0.5189443628948468,-0.1269362265503822,-0.33032273918461913,0.8824001817175975,-0.16488693862293774,-0.319972255853757,0.19232604631151146,-0.17729966799267388,-0.33511831195881736,1.1480014461737413,-0.16138615094062586,-0.3342942111194134,1.3949767855497508,-0.1412751713875108,-0.33829123725613147,1.468644112921678,-0.1522781595122069,-0.34400533290150076,1.694621835047236,-0.1803793372371449,-0.3358378634752276,0.897997164955506,-0.11306582932033613,-0.2860943848410478,1.3710498832739317,-0.10835478272145757,-0.28954089573735825,1.1065339824328055,-0.10610617361425494,-0.3037178589640042,0.8659035832836077,-0.1459251525095449,-0.28342741690217876,0.8796408738081272,-0.14895899049364603,-0.30477365237087584,0.5037336868162339,2.0
-0.17022330004286457,-1.0741925643539274,1.1471956596746073,-0.1735837860153867,-1.0646080880776627,0.16196129732317738,-0.18853513959359813,-1.0642499089869972,0.5148018772725935,-0.18652829926993167,-1.0807867613318678,0.8905818013401775,-0.15025053888123918,-1.0599118511724686,0.155948618305968,-0.12526013993948407,-1.0680315796189106,1.1266807302252038,-0.13817575812648208,-1.06871167993681,1.3907552678863724,-0.16939026141515026,-1.0652039217605414,1.4716468739819217,-0.17220643076006445,-1.0358761438446773,1.7269110942815806,-0.13110902519630535,-1.04138689176119,0.8984924763828129,-0.19520881047885102,-1.0837187613935102,1.3935676333192106,-0.21198068953469976,-1.0963549351368052,1.1239246207398255,-0.22167274474136853,-1.082121560180729,0.8788948693832794,-0.15803967832357851,-1.0693369510027204,0.8898104707916061,-0.1544790146328122,-1.0554526387532424,0.5148126239126379,2.0
-0.12338025327960048,-0.8472274276945326,1.1274709135594994,-0.12627531643158932,-0.8503783980403283,0.1562695876516477,-0.14058290643622215,-0.8403678181383646,0.5178573829959138,-0.13747680042544028,-0.8532957898998501,0.8785015483095189,-0.1132713652338193,-0.8245281776921316,0.2323868175723938,-0.08096549548020568,-0.8189744511289955,1.1089208619763153,-0.08898109577906628,-0.8395703535619888,1.3706687724951543,-0.13216641688286657,-0.8456038641508179,1.457655429840088,-0.13000283677911742,-0.8168383258761782,1.5541769804978611,-0.08537061493655648,-0.79394229794288,0.8452581793370874,-0.14921305513108205,-0.8567672876095531,1.366580069667161,-0.1617007367218835,-0.8763434534158671,1.0954532623291016,-0.1750516217916903,-0.8557235927819603,0.8488625378319712,-0.10886948870264483,-0.8315523763121379,0.8466713010060667,-0.09788148473910611,-0.6741672548267877,0.46567298727806167,2.0
-0.12353244233166888,-1.04128173264187,1.1600856014660426,-0.14243461342439764,-1.0473936568624118,0.15379882552328386,-0.14652140921957435,-1.0232561585449038,0.5273753213030952,-0.14291490175362145,-1.0369432557462936,0.9130859467245284,-0.09141058953329255,-1.030800310828324,0.1825486102717973,-0.07058934979362502,-1.0672216609652554,1.1420686216581435,-0.08549282333600179,-1.0543218911237393,1.407993699823107,-0.12184641265221649,-1.0380986586567902,1.4952795462948936,-0.11510949907824397,-1.0223001453670717,1.6869391383869308,-0.0715497087969977,-1.0513688967496688,0.8958128598474321,-0.16466559855810678,-1.0447955127761124,1.3810246075902666,-0.17661484974502986,-1.0477108992636204,1.1065586748577299,-0.17125936498632655,-1.0308735292582285,0.8606308840569996,-0.1049580048198723,-1.0440986657160378,0.8958369472197124,-0.09441362588300503,-0.9770802871900655,0.5046258934196972,2.0
-0.11995791378539315,-0.8009847603565039,1.1452407975529515,-0.14755869792167878,-0.8303949259827996,0.14878314791983643,-0.14891293016262352,-0.8034222238957015,0.5582920714866283,-0.13702741537891533,-0.8034400832568577,0.976430495117986,-0.10530392894911211,-0.8062036745250225,0.42749837924574696,-0.03966426935323059,-0.8334189941619284,1.1513691939586816,-0.06259268003266824,-0.814069421306729,1.3762518676907518,-0.11958942221183883,-0.8218433092846427,1.2461457437034262,-0.09858542126278545,-0.7899132474802087,1.402183752073798,-0.028568089463163252,-0.8413983456530544,0.8952879420546598,-0.17512549152516566,-0.814458116369192,1.2712521948093591,-0.2039535586169899,-0.8292413181950187,1.0237115025520325,-0.1873256942084016,-0.7016305931259034,0.7956734445205954,-0.07192210532551588,-0.6198192237074985,0.6987503011559331,-0.07050897968326543,-0.5729465653989897,0.3793497449436853,2.0
-0.08452444002349777,-0.8782390824053437,1.0767513757402247,-0.09302166156038022,-0.8556051513349469,0.1481070504947142,-0.09717795634853908,-0.8650240072218532,0.4783643219958652,-0.1011097312465691,-0.8826372807591476,0.7853499454530802,-0.07315896810111801,-0.859127159230411,0.20715442236343568,-0.054518324164250356,-0.8755858518521894,1.0758383084427228,-0.04862663939341225,-0.8855696942231258,1.3133286461234093,-0.10011707708789883,-0.8744180835995146,1.3742780116471378,-0.08407875642032278,-0.8481076905419204,1.6149543183432384,-0.05432724550535733,-0.850868123900992,0.8284914222630587,-0.10025620400318241,-0.880529304543002,1.289414302191951,-0.12500892905518413,-0.8368349106855352,1.031000816347924,-0.12652839768931948,-0.7280483427457511,0.7948766249147329,-0.07346733508496651,-0.7333923553127203,0.7656906883824955,-0.07047372884699143,-0.7298100327607244,0.4415248114277016,2.0
-0.17129540947121633,-0.8477352050552801,1.174915849323004,-0.17785122557739977,-0.8385458252864929,0.17562711102442002,-0.19431720375621192,-0.8434118432530635,0.5382212929322686,-0.19017527438044338,-0.8596736205295777,0.9064911033066225,-0.13549280532596397,-0.8441972284066216,0.17347418390949007,-0.10584156735944496,-0.8156727230255033,1.1711007155163187,-0.1263499897679242,-0.8329947712031048,1.4354503557715617,-0.17980277758668844,-0.8404461165322777,1.489008045532334,-0.18931838612951024,-0.8043869426605147,1.7116070675178312,-0.10610683271530229,-0.7880692822517643,0.9408954726138585,-0.21527865527584678,-0.8704630785890606,1.431794628291063,-0.23278970523199566,-0.8919322501054742,1.1674783078717514,-0.2429464431938676,-0.8750080483060487,0.93268535338657,-0.14848779808257667,-0.838265104311138,0.8992721018656878,-0.1438404763327308,-0.8456781239996494,0.5287385016260012,2.0
-0.1451916993026016,-0.6624239036921882,1.1629082554752388,-0.14866318013880728,-0.6522293592468628,0.14211180144288008,-0.15409997210259216,-0.6514572854904295,0.5072894107948229,-0.15414434237952696,-0.6569604094058854,0.9063198259733256,-0.13246309037266063,-0.6584615129525366,0.13592830809393844,-0.12235927281932887,-0.6765789831219946,1.1380912817797615,-0.1297113997319225,-0.670411064624063,1.4114389639456295,-0.14771922670521784,-0.6611064986181129,1.4852486316440174,-0.14568542553907604,-0.6522145844200282,1.7331428122751922,-0.12472196488451322,-0.6556771568845488,0.893802618517459,-0.16261344337135156,-0.6540968258327181,1.4112364238905675,-0.17430620688438705,-0.6657019258449668,1.1471898092806918,-0.16329539183852743,-0.6430632862651232,0.9177646307111944,-0.1339326805940341,-0.6593658743715547,0.9074551926075833,-0.13107717452227202,-0.6515528007763104,0.5193210678193175,2.0
-0.034045931939035656,-0.8846026919223369,1.176041476726532,-0.052183597603288945,-0.8762751196511089,0.155579732444603,-0.04263814765959978,-0.8663367322273552,0.543066021502018,-0.04153472226578742,-0.8702154092118144,0.9276674598455429,-0.011933747934817803,-0.8861345990002155,0.16593114845454693,-0.0033160418923944236,-0.9251098504662514,1.1731602334976197,-0.009264903508592397,-0.9001379293948412,1.4334947741031647,-0.030013631995825563,-0.8879448947310448,1.4844744000583887,-0.02320431045256555,-0.8859715801454149,1.7518702125549317,0.008147527584806085,-0.8737739912886172,1.0314622765779495,-0.06061574227642268,-0.8720689478178975,1.4143340289592743,-0.06901433485094458,-0.8747544359974563,1.1456759369373322,-0.05601123664528131,-0.8371487952023745,1.0033188581466674,-0.017882574184332044,-0.8674772437475622,0.9173947441577911,-0.012977901307021967,-0.8577044918760657,0.5381492021679878,2.0
-0.12167225269792235,-0.8037990835564924,1.0855251907188201,-0.13391122644523454,-0.8167525695584644,0.1476722454008098,-0.13731608826614847,-0.7957709155471944,0.4914427485978492,-0.14024820721656014,-0.8081479326443242,0.8432250724774655,-0.10247459285022151,-0.7881235623749617,0.14684963806001383,-0.07671679035438417,-0.8077010906118656,1.0727836606658507,-0.08338297272283827,-0.8124206422036079,1.315340894404973,-0.12139368130744949,-0.8041047231146248,1.395921544493916,-0.11735430613125318,-0.7916691987905825,1.6437136352619277,-0.0796641369445998,-0.7814875124631641,0.8573196474636826,-0.15792724503439234,-0.8029901134590053,1.3122130643541567,-0.1679632058206654,-0.8061159632090374,1.0748226681602335,-0.16213135630170875,-0.7858054708585004,0.8555478988406814,-0.10378379370825731,-0.8025085423098198,0.837698489706093,-0.09984750324146491,-0.7950202946977638,0.47973826722563984,2.0
-0.09462784782517701,-0.8615913187344135,1.1934160178357904,-0.11077308926985345,-0.8780433823100545,0.176759350028905,-0.11722314475548708,-0.870531106333841,0.5316455683924936,-0.11312002185732126,-0.8796203687194396,0.9360522356900302,-0.05272741604157173,-0.87087842956905,0.17315090041268955,-0.027206802258098666,-0.9039033864032139,1.1829196864908391,-0.041094653752886436,-0.8885458445176482,1.4388096061619846,-0.08478360710326921,-0.8715125400403684,1.5026379325173118,-0.07348915246653963,-0.8455630080266432,1.7592969937758012,-0.020632093708792872,-0.8807014296847311,0.9528059287504717,-0.1283283424076878,-0.8778089660812508,1.450810730457306,-0.15462559772316706,-0.8879060451279986,1.1935860937291927,-0.15920791874893686,-0.8705068342726339,0.949258976091038,-0.07010507148224861,-0.8849683456080543,0.9373196417635138,-0.050684569470600266,-0.8633701889691028,0.5362672193483873,2.0
-0.09462784782517701,-0.8615913187344135,1.1934160178357904,-0.11077308926985345,-0.8780433823100545,0.176759350028905,-0.11722314475548708,-0.870531106333841,0.5316455683924936,-0.11312002185732126,-0.8796203687194396,0.9360522356900302,-0.05272741604157173,-0.87087842956905,0.17315090041268955,-0.027206802258098666,-0.9039033864032139,1.1829196864908391,-0.041094653752886436,-0.8885458445176482,1.4388096061619846,-0.08478360710326921,-0.8715125400403684,1.5026379325173118,-0.07348915246653963,-0.8455630080266432,1.7592969937758012,-0.020632093708792872,-0.8807014296847311,0.9528059287504717,-0.1283283424076878,-0.8778089660812508,1.450810730457306,-0.15462559772316706,-0.8879060451279986,1.1935860937291927,-0.15920791874893686,-0.8705068342726339,0.949258976091038,-0.07010507148224861,-0.8849683456080543,0.9373196417635138,-0.050684569470600266,-0.8633701889691028,0.5362672193483873,2.0
-0.13916803550520232,-0.43531600868892534,1.1510354095651198,-0.1881466096252665,-0.4689739871221457,0.152171982928764,-0.21351550845700035,-0.37717745157117527,0.5411351429399593,-0.21763079396138588,-0.4051157346693799,0.9244749439779179,-0.04847164686350513,-0.35253192124484006,0.34059845098806907,0.053854074817360195,-0.5119801157320193,1.1349179645379384,-0.0012666720021249863,-0.49394943001283,1.4147327191145844,-0.14983228408792887,-0.43040495344199414,1.3504216031048648,-0.15324949904872004,-0.3003181271948094,1.5549263473340245,0.10448552907783856,-0.4328074351877205,0.9023176487102065,-0.2896107071505267,-0.44601316262210733,1.335673684297606,-0.32786582509243445,-0.44231780803971743,1.0850278360899104,-0.32333567659839874,-0.43698916844518265,0.8482040647388429,-0.0658297293350484,-0.5479910895381801,0.8110182694224424,-0.036427040515799626,-0.3741188724489175,0.4980045667914457,3.0
-0.08205075966543518,-0.48596068382418406,1.1496016370753448,-0.03976891377775852,-0.4522245475867142,0.15496190590783954,-0.010901083244486168,-0.5465030113070194,0.5149813064684471,-0.009569237465351913,-0.507569178492607,0.9115446259578069,-0.20029511745087802,-0.5450273444779062,0.3212171260189886,-0.29925348008206737,-0.4241291067974089,1.1641686086853344,-0.22376334593476108,-0.4564623351883104,1.4198437395195167,-0.07341345366815706,-0.5084602388960775,1.3840919809105496,-0.07466184012203787,-0.6366357391816564,1.5893309906435509,-0.32188909671579796,-0.49056670237041544,0.8914395961910486,0.08886042873200495,-0.47525200168214116,1.364938595642646,0.13341613066828964,-0.48512804952527705,1.0975188153485458,0.13837321997076893,-0.5464202430642521,0.883169020836552,-0.1632302249916696,-0.48752883090007043,0.8255831065277258,-0.18125367345055565,-0.6124190650104234,0.5210453240821759,3.0
-0.053447628226476133,-1.1682228450145986,1.1453090605912386,-0.0740595108501751,-1.1626391943820096,0.14276232581447673,-0.09155048031221938,-1.123079207389512,0.5178290009498596,-0.10499362209466873,-1.13619886752287,0.9033882640026234,-0.002207165155387311,-1.0979358114543611,0.3078578072841521,0.09318668750218219,-1.2089963625426645,1.1553072717454698,0.05449163393565902,-1.1965999636143723,1.3969529355013812,-0.04241870287320732,-1.1509523148200027,1.4241719584774089,-0.0650000641208694,-1.0580468554325677,1.572355395997012,0.1170511443461119,-1.1596539281791558,0.8922217947465402,-0.15872223856341508,-1.1636781881770326,1.353427587394361,-0.18426227258966751,-1.1449738527751632,1.1117189597200465,-0.19833663332931423,-1.0929155047706984,0.8778551406330533,0.006801397943248352,-1.1056554324993932,0.8405076216768336,0.022719359121940754,-0.8275757058903023,0.5073495571260099,3.0
-0.14224889521117506,-0.20166769777532928,1.154796929322472,-0.116968077426964,-0.1551335178777691,0.15798571128253788,-0.10030762747276661,-0.2318416953866565,0.5157967801241912,-0.0908071016387422,-0.21633373112092877,0.9024565640346024,-0.21522764106418274,-0.2747550145037068,0.2569743967217992,-0.3020005357675543,-0.15867021911264967,1.134319053601849,-0.24650986706332642,-0.18197918778588607,1.3923603000566942,-0.1427766706816159,-0.2350730305057481,1.408471840181092,-0.14257810888053893,-0.3435560140258799,1.6341698017231254,-0.3273592954284923,-0.1969880239474912,0.8827853720317516,-0.017345697846436917,-0.22522507106899753,1.3648039888041887,0.01553942044644595,-0.23481276860395664,1.1043275282826535,0.02246593242121297,-0.2758227761820421,0.8746946625007216,-0.20079128620351933,-0.22531835118294224,0.8608619224193484,-0.21379542342105576,-0.3300636335052261,0.5421672440314478,3.0
-0.094877334932082,-0.3340824183904462,1.2006613810857136,-0.09839918098102013,-0.3165013987571001,0.16968653483523263,-0.09884884356417589,-0.312201738743008,0.5404956622256173,-0.10087600738431017,-0.3226710284335746,0.9429894891050127,-0.0860664530760712,-0.32648029970781256,0.22293753955099319,-0.08230681274500158,-0.3578414637297909,1.1995559295018514,-0.0851372182867231,-0.3474308987044626,1.448621720737881,-0.08734479858022597,-0.332132245760618,1.507469238175286,-0.07777821961159741,-0.3271709577465016,1.7216982131203016,-0.07127021480765608,-0.3657333642865221,0.9681363933616214,-0.1031876638531685,-0.32198072029795083,1.4514661113421121,-0.11105897983329163,-0.3217369832512405,1.1918438249164158,-0.1001177436982592,-0.31657953943229383,0.9507949882083468,-0.09207329559851335,-0.33408900867733693,0.9371315658092498,-0.0830213657916627,-0.3512158409174946,0.5452331430382199,3.0
-0.12637723982334137,-0.8730599708382932,1.0905201451879152,-0.13443701397906332,-0.879744443963741,0.1462766289920874,-0.13435746840542365,-0.8611862408915456,0.49738337267452565,-0.13837881870305455,-0.8749782953634333,0.8484848565618757,-0.1046123287253554,-0.8657309607091085,0.16473915347908163,-0.07416743621935996,-0.8797756163534564,1.0712892278819017,-0.0883450607152682,-0.8809350938601813,1.317036208132623,-0.1238891190757424,-0.8705662108242879,1.3915749805074342,-0.11557457184182926,-0.8523699271715652,1.620278486378596,-0.07321273035068117,-0.8596023188635025,0.8564410650394332,-0.15288434497697254,-0.8767202103930251,1.3155217313430678,-0.16652131605316217,-0.8881390114170564,1.0780207162172022,-0.15964828087853164,-0.8681177139334696,0.8489161734010132,-0.10994665810814157,-0.8760456705439679,0.8405533663823571,-0.10535838213830392,-0.8865036190762906,0.48930300163551116,3.0
-0.10953508477376879,-0.6038571282658937,1.1841956275813985,-0.11270527571070728,-0.6092562791320302,0.15569741278886795,-0.11322249449517156,-0.6044920002338741,0.5423492198845126,-0.125571067636077,-0.5935466004148969,0.9348144480642283,-0.09566261821161771,-0.5791507345703343,0.21520008231109045,-0.0760040163097657,-0.6138929324400313,1.1803192271376557,-0.08303372934899943,-0.6146704019486623,1.438723920651202,-0.1041391881771456,-0.6066744842847703,1.4948856231738936,-0.09785604213786153,-0.6059155032952439,1.7425486722363617,-0.07002773671795368,-0.5890951477834638,1.033398008009173,-0.12957082301672584,-0.5987792075238243,1.4170586247489136,-0.1387695194708561,-0.591514330330955,1.1457791317184016,-0.12991766870419388,-0.5752292546874158,0.9950884153258126,-0.10228555255903388,-0.6142216807512461,0.9220302937165746,-0.101066712656043,-0.61589657288607,0.5617085169508772,3.0
-0.07392339623958215,-0.5263432775017858,1.1902232338797372,-0.08126675207519306,-0.5343098380023016,0.16733923153776042,-0.08480323866923463,-0.525981161119592,0.5546954015515885,-0.08725723249503886,-0.5314033289642056,0.9445327227970339,-0.05683735844169585,-0.5105954084615663,0.22091327447725354,-0.03643129282314682,-0.5272923736253156,1.1870466313272152,-0.050022076355745876,-0.5256365965348933,1.4444490513711605,-0.07461402864378816,-0.5290323530569813,1.4821457055942067,-0.07582814419007297,-0.5159839353049701,1.7597124047999113,-0.05212067856611508,-0.49367729800243704,1.062921016283755,-0.09643502495655755,-0.5333159587649137,1.4209725170765284,-0.10699257644591853,-0.5357149835008214,1.1581342973799076,-0.10700367210116589,-0.5019832879375175,1.0156688583347033,-0.062103722849641135,-0.5466887946592046,0.9204894928437359,-0.058628268752967554,-0.5286321297006787,0.56522543475313,3.0
-0.1033489079689733,-0.9070521679492919,1.1685312495038316,-0.11214731874045085,-0.8658248543789661,0.14585943482312802,-0.10436763160197261,-0.8700886921566987,0.5167405329443313,-0.10876465621530204,-0.8931631524771817,0.9118208063615335,-0.10824764665424458,-0.8937200743805718,0.1738930760089912,-0.08664031734539045,-0.9427025972085225,1.1362345033400767,-0.09022783427349783,-0.9266305667304157,1.4114125137393538,-0.09829645426204503,-0.9062117841566686,1.4872143018890072,-0.08800622562793668,-0.8982159138407017,1.723498746752739,-0.07666661999993832,-0.9346371431665093,0.8804168652843785,-0.11490917270428916,-0.8859992666371368,1.4107019659635183,-0.12356259591084577,-0.8701075843057117,1.1449761100717493,-0.11776514264528413,-0.8607138123904431,0.8909077724894962,-0.09741639248189844,-0.9201078765460832,0.9100706291359824,-0.10029476471523545,-0.9155695008718081,0.5316744148731232,3.0
-0.15137016660999505,-0.8241827919799835,1.1859903025627136,-0.17323946318181696,-0.8058655278012157,0.18128342770040035,-0.1722003336821217,-0.8002991936821491,0.5425177854299545,-0.1694467500828614,-0.8107093989290297,0.909157130420208,-0.13840437057428062,-0.8324191572517157,0.20344224490225316,-0.1074043709388934,-0.8659231542050838,1.1998712623119354,-0.11584908422082663,-0.8495070768520236,1.444747479557991,-0.14801898438017816,-0.8168888831697404,1.489195886850357,-0.1277920546749374,-0.7912444749148563,1.716575973033905,-0.0909734559361823,-0.8545034254342317,0.956865342259407,-0.18162158184917643,-0.8001194794545882,1.4286645764112473,-0.2034353264980018,-0.7829358374327421,1.1646141088008881,-0.19868009204044937,-0.7582885151077062,0.9296094226837158,-0.13281909395009278,-0.8126366884354502,0.903572042286396,-0.12722510434781725,-0.809428259980632,0.5437008208036422,3.0
-0.05666357458713243,-0.3751189291443942,1.0847554462296622,-0.049109552440876586,-0.3813803536953249,0.15966442098752373,-0.05937555749412803,-0.38412251652750584,0.5020992198870295,-0.053511934055547626,-0.3786631904852887,0.8291939528925079,-0.04475450032346305,-0.34555664254973334,0.21021050080612658,-0.0513603813236668,-0.3725677853023323,1.0826119085152943,-0.05023647328683486,-0.37795906585996,1.3098987917460145,-0.061899083838354615,-0.3804101169641529,1.3720729028628695,-0.05300026093443323,-0.38619917132226483,1.621924121997186,-0.05351818846871278,-0.3629363280210999,0.8473418929747173,-0.05828019182774283,-0.38556376773686635,1.3116255395469212,-0.06646072574048525,-0.4319061817645672,1.0570725401242573,-0.06927643556679998,-0.41894297465859426,0.8290743331114451,-0.049842473037729394,-0.35464589983513134,0.8051596454211644,-0.04365644646930464,-0.3512221248044322,0.4774746568430038,3.0
-0.12919137327807004,-0.7848731448829471,1.1506850805479227,-0.14856922529282568,-0.7638761244483829,0.15681453894094094,-0.13948871633253954,-0.7612591121038518,0.5393266960517648,-0.14694050050186971,-0.7798657425266412,0.9533024491723051,-0.11945210702563684,-0.7675734296172243,0.3981954522008441,-0.09449528683860277,-0.8024899870656508,1.161405149194383,-0.08470948342325109,-0.7991519230753952,1.3809811171797133,-0.12614269864255773,-0.7976242163285767,1.299089621618083,-0.13310009455212304,-0.7699228148408157,1.4342899377813045,-0.09631680403223991,-0.7980842811545146,0.9116747351651339,-0.15627440276373292,-0.7815063370718169,1.2974509344887488,-0.16616117100221747,-0.790443636472193,1.0469318376374,-0.1806365504054372,-0.7960628873288161,0.8487429594256214,-0.10446977980204464,-0.7714273484961427,0.7778036484552413,-0.08818525882418622,-0.8303667776209792,0.41210946932281417,3.0
-0.1120405119171747,-0.8760784639214928,1.1676596376028927,-0.12232571340758693,-0.8647292183542793,0.1504149762278592,-0.12906719316643747,-0.8528910780071535,0.5350048155947165,-0.12532256061041896,-0.8734079730188982,0.9221472381190821,-0.08457421882485505,-0.8677009164933803,0.2018449377183887,-0.07310995516705919,-0.8994808808942749,1.1509986154057763,-0.0830571555654222,-0.8879638491833414,1.4151195653460242,-0.11224641135512767,-0.8732789117546583,1.4919956475496292,-0.1057264449508776,-0.8524122680114075,1.7283300513570958,-0.07200543182394044,-0.8869602843611077,0.9103394963524558,-0.14187091653200862,-0.8738809226885099,1.3859596983952955,-0.15022861557504671,-0.8752560428851708,1.1093948618932203,-0.15278263918827922,-0.8683593308404934,0.8470143181356516,-0.09670587647600438,-0.8740207562011413,0.915995369580659,-0.08736153962937268,-0.8802317932078784,0.5473915375769138,3.0
-0.12693197335586076,-1.163066581353422,1.1232170979838727,-0.14709518984863815,-1.1829995052996747,0.18205603230590664,-0.15830117738699878,-1.161994274798011,0.5406511980147402,-0.1536282698108145,-1.169630869022332,0.884786543274714,-0.09257241986568801,-1.14838308419201,0.1827447626832103,-0.053210463009251294,-1.163789737307705,1.0821528291899312,-0.074881070301183,-1.1593377398681048,1.362641480343401,-0.12676825330492633,-1.1422852238655583,1.416599123807978,-0.12461542121080821,-1.0989960839987294,1.6364998695525257,-0.048280354042745326,-1.1375446030485237,0.8340319306397241,-0.18019297612784815,-1.1524930075118858,1.3521211290162456,-0.18834570898435826,-1.1440301649811224,1.0829962137316869,-0.19010070320372738,-1.144349242729897,0.8276163246020798,-0.10238036465607891,-1.181131868938769,0.8595490354644365,-0.09470059808867037,-1.0952131931327498,0.4986547482900383,3.0
-0.10522234312655335,-0.5131837806655783,1.15315396366296,-0.08709459181230798,-0.49832161550444587,0.15853706974950102,-0.09549554486915844,-0.5158601327523313,0.520535885459847,-0.09581634184858692,-0.5172158166835154,0.8960290821614089,-0.1283040568410393,-0.5366499227713104,0.34791405595563074,-0.11817036776079072,-0.5084073839502202,1.1754054714132238,-0.09799577706467567,-0.5073142526843758,1.4030619583748005,-0.10692243075808855,-0.5259952877855135,1.5055943010029968,-0.13743350549204345,-0.5128779318011193,1.5137921853197946,-0.0712380629826199,-0.5331323786328236,0.9621965736150742,-0.08940901038780187,-0.5405278025104457,1.3948642103760331,-0.08819527835994787,-0.5690535004423173,1.1376373293223205,-0.13412540195794362,-0.5416884441898825,0.8907991305545524,-0.12045089598568329,-0.5086353236326465,0.8492490847905477,-0.09077935682122458,-0.7042215114386097,0.4744058480417287,3.0
-0.10104034646527371,-0.5933495404146542,1.1491340888994876,-0.1000959814801403,-0.5782228630976142,0.16333240928633191,-0.10212302931571361,-0.5887703037751125,0.519276491670965,-0.10078615300731611,-0.5951486240341285,0.8841986624158431,-0.10155416506986682,-0.5763621537763381,0.21728758590522212,-0.10467461426959973,-0.5907100055923807,1.1357497199673519,-0.0991876486745428,-0.5913625787024247,1.3955620259882133,-0.09674811100360946,-0.5986317504179951,1.4766170365788112,-0.09799215071804704,-0.6039633746737632,1.7066152897950644,-0.10889757066343858,-0.5941713106270149,0.9163439602495353,-0.09170616385048237,-0.5970914897761334,1.3849906386616073,-0.09265518390408187,-0.6067924320123324,1.11549912824809,-0.09891621382672026,-0.6106809453916884,0.8746293610501512,-0.10443649792752151,-0.5920365411161541,0.8876367088790252,-0.10278003039621861,-0.6205116532151108,0.5347211263447165,3.0
-0.09063348804107484,-1.2754138154936407,1.176572116858819,-0.1080741552250134,-1.2616102102705662,0.1632509371265769,-0.11408780191627824,-1.2566906962653293,0.5233436608139206,-0.11340487171615035,-1.2662751306848161,0.9010341599145356,-0.06938942023279036,-1.263344769632621,0.23562286202521884,-0.018534227662980008,-1.3042594365611233,1.1873259053510778,-0.045015371733504304,-1.2870358785319909,1.4416624658248003,-0.08674082461648676,-1.2664597765542567,1.485044106402818,-0.08599435404432691,-1.235738066093558,1.7141179603469723,-0.0682665048927233,-1.2479160048122353,1.0148315127281582,-0.1339357353418189,-1.2694932757260498,1.4007008566575891,-0.14965212065041722,-1.2753482409752905,1.1285735022495775,-0.15395112228168942,-1.2622906748232816,0.8784702176995137,-0.06604033508344453,-1.2750291545765804,0.8998512275078717,-0.0643061800946645,-1.2268307983108304,0.5426005508531543,3.0
-0.07299625853371179,-0.5456504022217907,1.1577594456624012,-0.07923373900774429,-0.5354012044619446,0.1650594810061917,-0.0786173926827935,-0.5331150690338347,0.541973200227533,-0.08208232306906768,-0.5479504532722415,0.9066228723647644,-0.05210650747502935,-0.5232966853761856,0.20551091690348194,-0.042598523940815,-0.5523161528304181,1.1259253967781455,-0.05236909554781848,-0.5506671037553449,1.3998979445622892,-0.07583837402504584,-0.5451984952360733,1.4672278709025408,-0.08000200416248919,-0.5529015509373679,1.7350187246896782,-0.04156797850856139,-0.5473173449115295,0.8855261088025813,-0.0953727190808051,-0.547307860008821,1.397201089530575,-0.0942320237701672,-0.5400913189716485,1.1281483182493521,-0.08089488974596583,-0.5218838108418395,0.924515464780282,-0.061360294027081735,-0.5387141324522696,0.8935683813630318,-0.05721242505365363,-0.5292923093716405,0.5448612853580591,3.0
-0.10756147955630527,-0.5723721562160387,1.1484749228866011,-0.1193632414918048,-0.5911163714748842,0.15999712541147515,-0.12661510866579462,-0.5651401188431515,0.530916507155807,-0.12978788143092834,-0.5696106911809357,0.9012067861027188,-0.07534465047496336,-0.5197782391061385,0.15118921722147477,-0.03984393574021481,-0.5708398864777,1.1210188503618594,-0.05666904912192237,-0.5771703464979375,1.3933125151528252,-0.11142280535875923,-0.5706294099144914,1.4561925502287016,-0.11586000387108436,-0.5570422936092925,1.7198565708266365,-0.03337937230589213,-0.5401237385416472,0.8728983799616495,-0.15611113132175955,-0.5827032840086355,1.3869556113525674,-0.17448935624625947,-0.5860088086307601,1.1158933919888956,-0.17809640336221222,-0.5561936406625642,0.8993366290021826,-0.07826731428350386,-0.5527062990737183,0.8724675425776729,-0.07897402601256208,-0.5199583675850321,0.5089556985431247,3.0
-0.10756147955630527,-0.5723721562160387,1.1484749228866011,-0.1193632414918048,-0.5911163714748842,0.15999712541147515,-0.12661510866579462,-0.5651401188431515,0.530916507155807,-0.12978788143092834,-0.5696106911809357,0.9012067861027188,-0.07534465047496336,-0.5197782391061385,0.15118921722147477,-0.03984393574021481,-0.5708398864777,1.1210188503618594,-0.05666904912192237,-0.5771703464979375,1.3933125151528252,-0.11142280535875923,-0.5706294099144914,1.4561925502287016,-0.11586000387108436,-0.5570422936092925,1.7198565708266365,-0.03337937230589213,-0.5401237385416472,0.8728983799616495,-0.15611113132175955,-0.5827032840086355,1.3869556113525674,-0.17448935624625947,-0.5860088086307601,1.1158933919888956,-0.17809640336221222,-0.5561936406625642,0.8993366290021826,-0.07826731428350386,-0.5527062990737183,0.8724675425776729,-0.07897402601256208,-0.5199583675850321,0.5089556985431247,4.0
-0.18174290717128785,-0.5831266895176903,1.1745605372613477,-0.19192130337026073,-0.5620031263572864,0.16200296256330707,-0.191571029413852,-0.5581193584598281,0.516630228488676,-0.1929064884942065,-0.5691678694046293,0.9079862133229292,-0.16398908081949534,-0.5779148096629289,0.16520434509842627,-0.1421911305806134,-0.6210752476284641,1.1682590021882007,-0.15966279770814693,-0.5968487395864901,1.4374732432826873,-0.17941526868330535,-0.5806945847317336,1.493541931913745,-0.17341102632663905,-0.5527834388933155,1.749362914792953,-0.14397699970711944,-0.6037983585259206,0.9444582443083486,-0.20806165349291716,-0.5758736937366906,1.4135829232713228,-0.21433189012653506,-0.5770175669752863,1.1278168007891665,-0.21605909254241695,-0.5583051235555241,0.8765027526245323,-0.16792811480881545,-0.5723247484714594,0.9122242988437734,-0.1635024730267594,-0.563979722193307,0.5247424291346663,4.0
-0.09340016508940607,-0.5814573540918383,1.1414703574835086,-0.08428567027622907,-0.5767743777593269,0.15194148636039564,-0.08857708918039148,-0.5876702874460641,0.506564152299189,-0.08847125004860001,-0.5858936925400414,0.8821855824367673,-0.10011408602996894,-0.5700999560638094,0.1688200007466709,-0.10203349872665736,-0.5761579507277074,1.1282155770881503,-0.0990849645881384,-0.5731362213983255,1.3864009590709911,-0.09611242854118567,-0.5867356140093476,1.468329739336874,-0.1071636000349684,-0.5863012134225345,1.6883258790362115,-0.10872605541611419,-0.5753862920557331,0.9072242075321721,-0.08347002609733346,-0.5927580221711347,1.3862284351797665,-0.08013662858409625,-0.6035410063615179,1.1170389476944418,-0.09711653869325186,-0.6048344077414596,0.8745801805281171,-0.09873068163220773,-0.5768449341549593,0.878263386441212,-0.10161447730120819,-0.5994270021351529,0.5058734174452576,4.0
-0.1087466334277878,-0.7308141748392384,1.1449256527180574,-0.10755965861548879,-0.711848941498569,0.16021690065307276,-0.10863847091226192,-0.7244233901859546,0.5067296814249487,-0.10403041409955797,-0.7297406837306156,0.8936331819514839,-0.11771479800666626,-0.7139155273230708,0.1800579247349987,-0.12828433361588693,-0.7237469201755463,1.1379538141951269,-0.12570127124861905,-0.7287836026172249,1.387658630706826,-0.11059226899892471,-0.7056530955038509,1.4668469307373981,-0.12196081624679951,-0.7213301443309542,1.6595223831887147,-0.14300780024911677,-0.7053983053572628,0.9016578203561355,-0.10844919399527016,-0.7079035119638821,1.3482196987891684,-0.09013875110885033,-0.7189050393692237,1.0927722958885893,-0.09573068349071,-0.7249742996978706,0.8439440906656032,-0.11624622955349302,-0.61231278449449,0.8326273578770307,-0.11689247541029804,-0.6375620516435224,0.4817557526486261,4.0
-0.11959533459269701,-0.6814639324174939,1.1273471194205524,-0.13153717203883172,-0.6641383185017881,0.1501011770727823,-0.13987123450388286,-0.6554364016272878,0.5192052501139881,-0.138783789660259,-0.6835197328234748,0.8756260024450666,-0.09682265273797855,-0.6930027544538645,0.17349440871114782,-0.060552751739248095,-0.6790468241490102,1.0891401150243745,-0.08008513116552461,-0.6769432115515949,1.3685888137748774,-0.12093675926850318,-0.6656974566272935,1.4291448018533721,-0.12589967301410201,-0.6331239106173782,1.6461413314016602,-0.05852801690427519,-0.6592409334567596,0.8408237296900303,-0.1618586229520562,-0.6829668726745269,1.35988130114919,-0.16703027014439698,-0.6822170976870995,1.083959425524842,-0.16562842449722745,-0.6528810750652881,0.8360747459123461,-0.09911867186825776,-0.6738436639228528,0.8608150675142412,-0.09559181949641747,-0.6856681338022296,0.4914392908271268,4.0
-0.07379569646644606,-0.3887713613687083,1.1647366838795798,-0.07542278650881988,-0.3929511083556073,0.15093018045382842,-0.08756501093739644,-0.3836354193410703,0.5249809254493032,-0.08559070624344584,-0.393258908045079,0.9233355956418173,-0.05561837111760854,-0.3514861305244267,0.16203925082726137,-0.031314869677381854,-0.3828829341214649,1.1583303579262325,-0.04797219815996608,-0.38249824661595216,1.4145828579153334,-0.0781865543436392,-0.3893963191525212,1.4645364378179824,-0.08767764343647286,-0.37294629298682724,1.6849833161703178,-0.02893740224119808,-0.37364488995101836,0.9108581066131591,-0.09462416168701436,-0.4079669723220702,1.381338934813227,-0.09796874210005627,-0.42432962619433445,1.110071092418262,-0.112553993768857,-0.4144794429452824,0.8586247235536575,-0.06108410374269754,-0.38299818074862874,0.9039350322314671,-0.05907351485802792,-0.3855249050472464,0.522549312881061,4.0
-0.14406980455387383,-1.0370589359935063,1.130874858299891,-0.1617821150253197,-1.006760598005106,0.15524398026367028,-0.1630097087843751,-1.0044751939053336,0.5551720400651295,-0.16239149935233096,-1.0387568761128931,0.9088497963423531,-0.12136511769883024,-1.049184353929013,0.3103121663133303,-0.10347842328046682,-1.0513641022145748,1.0949765654901664,-0.11024397657893133,-1.0262576119974256,1.3640249197681744,-0.13693042636344518,-1.0207972412308057,1.2985725786769762,-0.13915198949034674,-1.0205240611200377,1.4728005615683892,-0.10805945986066945,-1.0253455949559187,0.8661627126236756,-0.17618656413784872,-1.0270850299702337,1.292082489778598,-0.19006526434483628,-1.012980121653527,1.0443472469846407,-0.17585210728769501,-1.05884502613917,0.8168822492162386,-0.11442438832794627,-1.0139659164628634,0.7930318375428518,-0.10575411322837075,-0.866040257193769,0.4260802378257116,4.0
-0.09202638188878791,-0.5872251413872137,1.076463757351758,-0.10023100936180229,-0.5982296232776567,0.14353589173207149,-0.1040964686619317,-0.5913444362172389,0.4795124401701963,-0.10228166614072697,-0.5863254820320377,0.8301568251242613,-0.08464110141260833,-0.5584967319858584,0.16142089946823004,-0.06863807540332131,-0.5909848303041038,1.0612820447447466,-0.07272731551631569,-0.5897876001735103,1.3137832574028383,-0.09026598079951186,-0.5849827783005461,1.3651035089782853,-0.08902419427282769,-0.5652400863849941,1.6155854938501981,-0.0699779591049979,-0.5860189886484793,0.8236654152207196,-0.10796209506785129,-0.5893360201249467,1.3151899158635878,-0.1181758574949687,-0.6048535949819507,1.0651991211156795,-0.12307613057129205,-0.5981117661215644,0.8308422938387662,-0.08369947447013365,-0.6003273069350556,0.80905811289415,-0.08415222952184691,-0.5916524824990149,0.4762748723680323,4.0
-0.21600048398816232,-0.43492564745247364,1.1833811302313069,-0.22172603125827725,-0.44474670393454946,0.1681477649999945,-0.2305734222114161,-0.430718672080528,0.5349064157313148,-0.23477413243732898,-0.43311405790682206,0.9052097561375406,-0.19439928463016382,-0.3991344277215684,0.17881732699055,-0.15528902602256994,-0.43243595167694476,1.1830311237565623,-0.17829686146379517,-0.4352034476879459,1.4397205118364935,-0.2229330221725465,-0.4312039118310149,1.4889061186937678,-0.21783986446078893,-0.4039852095130306,1.7142036409186037,-0.1517614532385534,-0.4094903990626335,0.9429131710289309,-0.24974775897892154,-0.44586540872368635,1.4293866685572887,-0.26705551821888496,-0.43307640227245403,1.1644296758126893,-0.2737643858230354,-0.4059916801700656,0.9262937483371504,-0.1973527571539576,-0.41235162387914553,0.8987737162001181,-0.18913848492029378,-0.40275599644363125,0.5300652656779193,4.0
-0.13886860690428224,-0.7198953799612029,1.162033396726214,-0.13850271662974273,-0.6998213819129258,0.12043212487377934,-0.1389743207743152,-0.7053525112621362,0.4986425491684642,-0.14176761959572115,-0.7162859308424109,0.8956785893806533,-0.14147807980039517,-0.7013333513500304,0.1253793313188801,-0.13974856049526097,-0.7239358181331578,1.1389053001084142,-0.13462174858724926,-0.7259184661160052,1.412478652080344,-0.13955288264879634,-0.7245579698908678,1.4881835356770947,-0.14001890909601153,-0.7321704792713372,1.7158630700917217,-0.14389726779730627,-0.7217531930317052,0.8689632422431222,-0.14350916227122884,-0.722026119159545,1.4075538685867905,-0.14693853511948493,-0.7250709824898806,1.1348593900989554,-0.1441893460562026,-0.7254951292565665,0.8816163776307132,-0.13792700801232008,-0.7158185705781899,0.8975195957961695,-0.1363829889610493,-0.7122759782311158,0.49203693417197497,4.0
-0.04467655380888443,-0.7436712522126202,1.1748102034841266,-0.06583917188316783,-0.7165150869770773,0.14112422712413328,-0.057991308502966736,-0.7211076967617763,0.5454967236944608,-0.05882269128259005,-0.7339256944001785,0.925619809116636,-0.018432185276677567,-0.7435392688028515,0.17632565301776465,0.0005193427803793124,-0.7746073028205761,1.1824936551707133,-0.01440468224630292,-0.7579417573288083,1.431327967132841,-0.044908477967692303,-0.7453941608147163,1.486470535078219,-0.041483806273234745,-0.7607764752581716,1.725160669854709,0.0009916562853114945,-0.7319060910227043,1.0823182510478155,-0.07653727667140109,-0.7342807214707137,1.4144674113818578,-0.08732104352010148,-0.7355154318530237,1.154369975413595,-0.07303120787920696,-0.6940848208165594,1.0247343386922563,-0.031026032414021236,-0.7585022607818246,0.9084461331367493,-0.02219278574754883,-0.7791183260136417,0.5189192563295364,4.0
-0.09805372392494942,-0.4194985385183406,1.0853335230336714,-0.09851448339242064,-0.41361001239701933,0.14037404719180283,-0.10444556897495351,-0.41013384013264464,0.4958670277126952,-0.10839036115912204,-0.41811302726323896,0.8528442951296106,-0.0832911072846642,-0.4154366340940398,0.15891867916966448,-0.06514318493555564,-0.42455607781865007,1.0708744939352046,-0.07738769589704624,-0.4256570591467481,1.3204624204966373,-0.1022310635220324,-0.4142237372071929,1.3643492432688014,-0.11021654108657658,-0.399693844393111,1.6222045318239686,-0.060338977747193046,-0.41127792015844,0.8407407416773669,-0.12517671284435392,-0.4219848414656916,1.3085567741035726,-0.13116425736484286,-0.43473151186750286,1.0656867502741731,-0.12769747346355662,-0.4228657021515631,0.8417351604197066,-0.08324407852009864,-0.443602643644631,0.826886064055338,-0.08293855929312517,-0.4356697962936983,0.47535814525764114,4.0
-0.13616688700062501,-0.6618915132976249,1.199186376017383,-0.12731430643341607,-0.6518740118600619,0.1524299745503654,-0.13046351231529818,-0.6595657821277029,0.5357052164200025,-0.13549568423499855,-0.6647817509121492,0.9411165989362277,-0.1312344730612782,-0.6369102061208751,0.15219277168950465,-0.13579621614811696,-0.681846824586073,1.183454934348408,-0.13184653155099696,-0.6768113417296201,1.4468083687317677,-0.1338185141197382,-0.6735066651768632,1.50645875523233,-0.12787717105581975,-0.679770772667745,1.75551726267888,-0.13288961765634963,-0.6815547504120021,0.9551041273989229,-0.13455915212249145,-0.670779751565976,1.4542292814988356,-0.13802152358664152,-0.6667625010650382,1.193928115388267,-0.13375331309990177,-0.6610129860221831,0.9536400457732698,-0.1360682037173428,-0.6685146359989468,0.9420415601159773,-0.13078136977246607,-0.6485402572782647,0.5309752977301931,4.0
-0.1862676888452591,-0.8593904447074778,1.1441927536113843,-0.19237943562502796,-0.8716707130944407,0.13762586561308518,-0.20210541154862055,-0.8484797673614545,0.5086265669481175,-0.20748715244573415,-0.8610924942720983,0.8819737325649004,-0.153528763028491,-0.8295465314987343,0.15432461258338614,-0.11631775017323545,-0.8729383183857174,1.1496485955006368,-0.1368144634651725,-0.8670345932365935,1.4059387832074552,-0.18430717905190447,-0.8497160186934462,1.448639718261925,-0.18246082786621676,-0.8033374589462059,1.6479867183779542,-0.105854834266309,-0.8418041207525577,0.9198863751984931,-0.23192274806442092,-0.8583004233654277,1.3952357217266753,-0.2555993011825391,-0.8760074924023168,1.1562465594427005,-0.2382616344390978,-0.837768725924901,1.0532989928851257,-0.16128807538188994,-0.8670749008479351,0.8630959719822213,-0.1493205831380643,-0.807247466458058,0.4982719775792715,4.0
-0.1618819977959682,-0.5356360707424003,1.1527427044408074,-0.17460453574513568,-0.5486130663996627,0.13564178652676015,-0.18462230435347762,-0.5174866517592254,0.516141901242322,-0.18662581974961634,-0.5306130037643015,0.8900884544027263,-0.09453520150694611,-0.5344737052018272,0.17509436388981753,-0.07152873236128503,-0.5738963188988895,1.1720509878520309,-0.10996992507716641,-0.5466129889888368,1.4173491309429038,-0.16703389892916612,-0.5209509059264935,1.4439094169386502,-0.16578769347939543,-0.4380763103274211,1.6539912798024456,-0.04384086101219572,-0.5598719763922794,0.9393944925275343,-0.22979834068020613,-0.5283027043533993,1.4000973321240524,-0.26420922701022237,-0.559499606425906,1.154387856351918,-0.20551020682564583,-0.46489307275122227,1.0316042751073837,-0.12134498757454978,-0.5412608587568433,0.8988722362394991,-0.10870901091126645,-0.500077917290739,0.5394843051145817,5.0
-0.12578296278204237,-0.7488197858489695,1.148573891321818,-0.12344431692645663,-0.7257021068107514,0.13051159073199545,-0.12907701877965813,-0.733377250301696,0.5022125783420744,-0.12932421602752237,-0.7449238636841377,0.8805164132799421,-0.10783262399269179,-0.7295642343571498,0.18047232564006532,-0.11571056078675956,-0.7461220983238447,1.1488840409687586,-0.11728892841825395,-0.7511552260212955,1.4120417004539854,-0.1250527394758094,-0.7474574690063794,1.4457385301589967,-0.12287744485573578,-0.749888960192246,1.6652938297816686,-0.11775723505942594,-0.7399804111924909,0.9113285564240955,-0.13681851344050042,-0.75332237581412,1.3970113958631243,-0.13694596917789784,-0.7503358431515239,1.1311117762611025,-0.13359516267886473,-0.7464867761225573,0.8765742807161241,-0.12163060280921248,-0.7529868403893142,0.8932603132157099,-0.11389934049608806,-0.7375780088028737,0.5478617795876094,5.0
-0.09178691386988615,-0.6254085284053233,1.2032488553147567,-0.0831696441184664,-0.6115422507323194,0.15228155699738286,-0.08986575613693149,-0.6154616326011979,0.5360027664063269,-0.09046246927142707,-0.6262617627681609,0.9416307613515017,-0.09217516636361547,-0.5981479056522643,0.15473320864533124,-0.08851424735366252,-0.6187503159601699,1.209217649802827,-0.09126175540854763,-0.6221375745484246,1.4564165159275657,-0.09666049147454671,-0.6265669270140821,1.511795303277802,-0.09995997578772133,-0.6310237913327128,1.765629962870949,-0.08409617505068973,-0.610917721531893,0.9959236430494409,-0.09712702046115801,-0.6320496411798032,1.4578436780394168,-0.09045167463390451,-0.6353987199867046,1.198315796099211,-0.09216078503155395,-0.6287683510270557,0.9548099631803078,-0.08843418973558807,-0.6229439996215597,0.9472146928310394,-0.08888777597601068,-0.6139595615105671,0.543474476065552,5.0
-0.116945890751615,-0.4658891962464438,1.2030447507172488,-0.13313143991268753,-0.4422565373602543,0.15247341613756138,-0.14133447394287738,-0.4367683676942618,0.5378819643781426,-0.13982982069922328,-0.45888515263586566,0.9441470731510205,-0.04700885596815915,-0.4718728580334213,0.17292781349983108,-0.03912687139242908,-0.49128574697991434,1.20928955078125,-0.07053758187371233,-0.47853001957403474,1.4571540891454462,-0.12447166333257566,-0.45534419407544846,1.5107066483979814,-0.12115973108343445,-0.42104681573933767,1.737346808562118,-0.01665580461031935,-0.47203241755369674,1.0014691506878715,-0.17115915608016796,-0.4538576100353515,1.4541120475597595,-0.1940905547732215,-0.4594526855547107,1.1937138940511125,-0.18616842954377696,-0.4212202327430583,0.950876540682289,-0.08323627255407026,-0.4745918220181144,0.9437729542175036,-0.05678826373585845,-0.48646430710979394,0.5397741633854555,5.0
-0.10476236654225216,-0.4122038672012227,1.0863702463847336,-0.10826995242412092,-0.41249497185188333,0.1408398678145742,-0.10656275161540747,-0.40349621121441165,0.49579030211253833,-0.106811457100795,-0.4155423656025881,0.8521662424969417,-0.0941012504670809,-0.4084985977118855,0.17364414997639194,-0.09396486177850234,-0.407992041399402,1.066463473022625,-0.10247460196435612,-0.4135240338922989,1.3165355843882407,-0.10711981662579122,-0.4095277890603068,1.373085594305428,-0.1130478587339542,-0.4135634120633846,1.6338717014558855,-0.09589529432536613,-0.39866960441233007,0.8573345567590447,-0.11196567108153656,-0.417277429843702,1.3092051289414848,-0.10890058790563896,-0.4182636118544045,1.0665111246929373,-0.10458414725238277,-0.41722742825626363,0.8365062109885677,-0.09649046021388463,-0.42309710293287234,0.8383359152783629,-0.09837204645611897,-0.42146171630430285,0.5026016334692637,5.0
-0.011049489651465318,-0.4311335820487691,1.1796741022647006,-0.02154490944978304,-0.4329352014996473,0.15046156733070762,-0.020421296384245457,-0.42348899936430084,0.5495199014260931,-0.018114984369762152,-0.4282589037586184,0.9290404238747162,-0.003676109395704223,-0.4122062249958811,0.16581702905083165,0.004016570963905853,-0.44091669797390987,1.1773043824631033,0.003663977807007947,-0.4337806233286279,1.4319857312637625,-0.010626290021215574,-0.4353380462751516,1.4959163654197767,-0.0076377914033974835,-0.45079217041001735,1.7328217373889627,0.0187808197823543,-0.43511726968532916,1.063975791329319,-0.024400386098067012,-0.43483123589234735,1.4190656259221939,-0.028022128582290074,-0.4318608036309987,1.1553764331688001,-0.02821515384356229,-0.42590707448284026,1.0368518065480352,-0.0045935959030774616,-0.42430276309085774,0.9234165416180509,-0.005722657352396586,-0.42745200108772924,0.5363116345359283,5.0
-0.09686926030553877,-0.5745228574262,1.1855426967144012,-0.10537835241508825,-0.5588267688484242,0.15123272746180494,-0.11348671657178784,-0.5479255847788106,0.5512191690504551,-0.1187723239903183,-0.5680870358056078,0.9324271127581596,-0.034815817605946604,-0.5733155621914193,0.1955618681308503,-0.010920641765308877,-0.5701194408970575,1.1952874352534613,-0.04999800360480246,-0.5783702280760432,1.4397085110346477,-0.10288537998955387,-0.5734279172863656,1.5086273461580277,-0.09153320486899853,-0.5742753913451452,1.704463304951787,-0.04890838391923656,-0.5072745077467213,1.105044154326121,-0.15866200002201367,-0.5762884137686342,1.4085298220316569,-0.17060414973141935,-0.5807805172090108,1.14798923432827,-0.1745356900326442,-0.5278772797357912,1.014621077477932,-0.061858370059538474,-0.5688684647281964,0.9170522750665744,-0.05481509881938109,-0.5975754543983688,0.5217299801607926,5.0
-0.11307672319988556,-0.5646614168496693,1.1658004375065074,-0.1280042538056424,-0.5440173236324507,0.1178366285036592,-0.13328795254541653,-0.5509977272547343,0.5029499672791538,-0.13129762878216913,-0.5593333479126587,0.9070112039061153,-0.0866402308237465,-0.5726172877804322,0.1329871353638523,-0.05659025091239635,-0.5851387174252202,1.152809635330649,-0.07587597761953743,-0.5734412573771004,1.4203511490541345,-0.11243687033660107,-0.561505415958955,1.4859913308830823,-0.11856640642953982,-0.5445033023880301,1.7145556655000238,-0.05160089988699731,-0.5553644007455338,0.8832512129755581,-0.149197275102522,-0.5608112020198913,1.4046851666534648,-0.1663425553809194,-0.5713254972634947,1.136443811304429,-0.17783305694294327,-0.5507391297908993,0.8897996397579417,-0.09272201781311784,-0.5782838109551983,0.9011619736166562,-0.08378807366140845,-0.587652902540696,0.4979702586636824,5.0
-0.09187225152607865,-0.6142885143388853,1.1617204810633803,-0.09167729157594626,-0.61112618483603,0.1264350012396321,-0.0942146262422973,-0.6027174121164012,0.5005084007075339,-0.09650003065189318,-0.613124699258443,0.9017622485305323,-0.07205347673487708,-0.6142365570441171,0.1184319147977724,-0.08024521739871213,-0.615950615232754,1.1453202572735872,-0.08348028055748508,-0.6173454980990342,1.4169403979272552,-0.09244165488194223,-0.6182868879401322,1.4838479778983376,-0.09117482435169884,-0.63411009275552,1.7123328378706268,-0.08107242127598235,-0.6047907342852065,0.875593859499151,-0.10023187022571536,-0.6135997620665214,1.4045055743419763,-0.10618116989393125,-0.6242363109874228,1.1326035571820807,-0.10963531804807258,-0.6161147537105012,0.8832875121723521,-0.08537848717674161,-0.6121466081914012,0.9005161122842269,-0.07829218608447153,-0.6231779825887784,0.49972020243153426,5.0
-0.20899577100737757,-0.953088111048486,1.1768429189169107,-0.21833660021549514,-0.9691220473091141,0.16312216084544398,-0.22170410950143798,-0.9583400954187167,0.534017094544002,-0.22669883767346374,-0.9547020608027067,0.904741968928265,-0.1712069566882051,-0.9193015639678019,0.16626283673553907,-0.1560278608768928,-0.9679776190960107,1.1843943906431438,-0.17631466717052297,-0.9622508161583868,1.43927511447618,-0.21221401774081863,-0.9437664568173785,1.4825260639190674,-0.19469498382771716,-0.9137767260001988,1.6991261136131126,-0.15017340916889807,-0.9448902865621347,0.9608510998116822,-0.2466886609972713,-0.9525672704012704,1.4368143662685107,-0.263772739715749,-0.9468891767143202,1.1716758693967546,-0.2600968802883877,-0.9253217612663206,0.9324615893243742,-0.1878322783941716,-0.9534011455800604,0.9038088947785001,-0.17711741819746887,-0.9328553382495121,0.5312299432874728,5.0
-0.0694224974916627,-0.17695095480537448,1.0851190542352611,-0.07316590743685397,-0.18765882779469437,0.12677619218740654,-0.07842844796110073,-0.1788570361062028,0.47326259332141657,-0.0797813645705859,-0.1775080543774148,0.8312428764913274,-0.03677727072232071,-0.16827064339906492,0.1469669595960228,-0.038262989243556714,-0.16673663279962267,1.0696061178185474,-0.04880807547690882,-0.1708591653558629,1.3235830657783596,-0.07112798148407547,-0.17498286920546116,1.386973153585675,-0.07509927219850407,-0.15739049987289414,1.6143499240279198,-0.03290507968129783,-0.15567433457264954,0.8309582924020702,-0.0920507240687208,-0.19206090963541947,1.3276929252449123,-0.09893598476018028,-0.20655245874505276,1.0749511061043575,-0.09994632278130143,-0.20322554014708805,0.833821494688933,-0.05503632053304678,-0.17017613567716988,0.8265554620616737,-0.04704354478089118,-0.17603944313723122,0.4791365183632949,5.0
0.0033002891230773036,-0.7692087471950799,1.0780237718270376,0.007071110806394314,-0.7580318897179006,0.14104444710895991,0.0038102386752143502,-0.7677115908814952,0.4756747762171122,-0.010161820743703105,-0.7706832446587774,0.7805175089205687,-0.003579791827807919,-0.7488008396198543,0.21233607357582793,0.0168891250460337,-0.7767882354091853,1.0707359387037845,-0.003505902348059373,-0.7731800920591922,1.3407212925645022,-0.015507701070270321,-0.7682007780262771,1.335543292359664,6.619277547332995e-05,-0.7107536074920342,1.5978604016395717,0.04177084991421837,-0.7443876247114252,0.8231342896245993,-0.0019701789133250713,-0.6960779023625386,1.262185505949534,-0.02463688124687626,-0.7188143096685123,1.0149251274191415,-0.018173594421778735,-0.5895205747980911,0.7668575856548089,0.02000027177676272,-0.5888683668051201,0.7596876374804057,0.021368673362303525,-0.5882124535273761,0.44318440527870107,5.0
-0.13065687760862768,-0.5156144855391919,1.1380743785780303,-0.13092526866655266,-0.4998373019375971,0.14922892480936586,-0.13299765163671454,-0.5187917063202785,0.5217043195604062,-0.13864298955637164,-0.5231096025043148,0.9120767134792951,-0.11853889673853255,-0.5005167317552948,0.1919850586552401,-0.10934322418013055,-0.5159685608755075,1.089734095699933,-0.11910246508861226,-0.5128882436452395,1.3319028542966258,-0.1297098883636752,-0.4989757132526411,1.362603901600351,-0.12513155155050168,-0.4955421864858125,1.554766530437129,-0.1145395070869162,-0.48888276662791563,0.8545140858207431,-0.13803650331218315,-0.49007804783973463,1.292319423690134,-0.14648371629835089,-0.5219995479137466,1.0362938855375563,-0.14897966884285668,-0.5123632048085636,0.818329399337574,-0.11581806663577611,-0.5105602204495546,0.8585436307654088,-0.11362265173122477,-0.4774715007634415,0.48693523419146634,5.0
-0.1249265861697495,-0.2608622485469725,1.1719964952082247,-0.13437030665935143,-0.25766234799615434,0.14769028016441577,-0.13436261476080463,-0.24976372746499004,0.5383623580674868,-0.13702071486556167,-0.2605037378096903,0.9368607796527244,-0.09889612608192791,-0.2551767658442259,0.18998337683041353,-0.07651811333473872,-0.2729286655431261,1.176758661463454,-0.09561829050260319,-0.2669540060482718,1.4079526012410988,-0.12320793020488643,-0.25167565475645903,1.4739604274163376,-0.12499594724755986,-0.2473607324063778,1.7197548662488524,-0.05922687550805308,-0.2568025472196373,0.9298861058982643,-0.1592463929854283,-0.2709415572714312,1.3813295742949925,-0.1686720798245153,-0.2836080422574604,1.115685084381619,-0.1659206785261631,-0.28181761832958135,0.8614700654068509,-0.10478056257439626,-0.2941905376375527,0.8958719445241464,-0.09470998877706635,-0.31073257417694944,0.5196687929533623,5.0
-0.06926086247316561,-0.6445984174124897,1.1707022440433503,-0.06959502151687047,-0.6251299661770463,0.14452169250696897,-0.0752818473516163,-0.6343279589340091,0.5349796974658966,-0.07487635345896707,-0.6428400851134211,0.9235633403062821,-0.06372459657955915,-0.633661381918937,0.20184122696518897,-0.06221911041066051,-0.6533626051200554,1.1667646229267121,-0.06090753916651011,-0.6476372903399169,1.4175212705135345,-0.06634241816122084,-0.6480563579837326,1.504419548511505,-0.06757053052424453,-0.6516859360784292,1.6677793776988983,-0.06460677415132522,-0.6465839639306068,0.9576844716072083,-0.07395509765483439,-0.6485863731615246,1.3860138881206512,-0.08304891262203455,-0.6524330856651068,1.1148557406663895,-0.08897480875253677,-0.6488226209022104,0.876043039560318,-0.06868131554452703,-0.6441528322687372,0.9045580634474755,-0.06285382633679547,-0.5775487085524946,0.5139105436205864,5.0
-0.1899568678318769,-0.38681306839845647,1.1308917862245407,-0.21055578431863894,-0.3860319598481573,0.16818810451304775,-0.21304318294378705,-0.3867677819283529,0.5354846863225958,-0.2044310621106355,-0.3864969413342147,0.885858396689097,-0.16148788098716874,-0.3949604605982915,0.15321478007853717,-0.14403440856010835,-0.39089942894790364,1.0910061830761788,-0.15806840326845775,-0.3861110940222339,1.3542535032691627,-0.19262406683858785,-0.38032223509180346,1.4239530220799061,-0.19841571674607267,-0.36359560597505974,1.648577226818293,-0.14189350350235386,-0.38239718823768626,0.8380662860541508,-0.22129346796005567,-0.3958356364405361,1.3565355330363087,-0.22733580629105798,-0.4184213449814539,1.0789945406475285,-0.2295755508901744,-0.4026149434061593,0.8333740940039185,-0.1716177324796545,-0.397450130068879,0.8672109239402859,-0.16265094248128348,-0.4042016316162444,0.49560737267307853,5.0
-0.12526547643788083,-0.6862905749945527,1.1293401718139648,-0.1311232000469355,-0.6912674523275537,0.1687001670547521,-0.13006951516859003,-0.6870857288235241,0.526396622362825,-0.1259077687630161,-0.6851628406991049,0.8933118305255457,-0.12082766288184542,-0.6913800621309232,0.16194014658325726,-0.11557092809492779,-0.6847306883212217,1.0819616588120609,-0.11813087294060622,-0.6873554316848594,1.3653559684753418,-0.12301159794106312,-0.6837509759538567,1.4200568658482169,-0.1279403031563636,-0.6725555519314156,1.662557377720002,-0.11647625853182729,-0.6805676955144045,0.8315692427232093,-0.12696760739547863,-0.6853398326976398,1.3666328763224416,-0.12798913449202617,-0.6825640875193262,1.091684687997877,-0.13045085893617464,-0.6782827876441027,0.8412374534557775,-0.11965386755764484,-0.6954123031386396,0.8650879718593716,-0.11690040708509918,-0.6596853698402182,0.49732331854780926,5.0
-0.11991215085110335,-0.26277770788005705,1.1471761909883413,-0.10975014863174352,-0.2250197491983869,0.15410535101459097,-0.10381515638263368,-0.24445928911219783,0.512582841426579,-0.10594501420716519,-0.2502381787426881,0.8911598093474089,-0.15019609585209792,-0.25268927712771877,0.16209924735351286,-0.16840385128361687,-0.30544824739431603,1.1301534620683584,-0.14478837080654314,-0.28443109948855283,1.3896063770820846,-0.111091035112405,-0.27308638962402715,1.4694812902763708,-0.09858419780031719,-0.2906123025398423,1.709772333725175,-0.11136732624371105,-0.3285243332719625,0.9427050650119781,-0.08644655354282126,-0.24746291235318657,1.3896598718059596,-0.08047157868301173,-0.24577579037077837,1.1252976985120062,-0.07063987625262408,-0.2587792343362721,0.8825208927268413,-0.13985165188031673,-0.2654149542743368,0.8924530241916429,-0.140399985703459,-0.2935255516612374,0.5247826620713988,5.0
-0.09342547904783755,-1.0455655824560464,1.1445282336031453,-0.09463353416544981,-1.0238277957031734,0.15621637929691357,-0.09286630241556114,-1.0332637314130082,0.5061309602153435,-0.09638928220439912,-1.0417110526180837,0.8840623618511672,-0.09039275448120544,-1.041517353339351,0.1490690153971147,-0.07770349395074201,-1.0610072687477543,1.1230601286620236,-0.08289777840686481,-1.0560139985807409,1.3912599140338684,-0.09180690955600879,-1.042931938585773,1.4735124285301466,-0.08998947414789307,-1.0324191932430429,1.7290925015224499,-0.07342586942603078,-1.05456960088249,0.9040802409139912,-0.10279160278674027,-1.0376673924496,1.392030192225167,-0.11091120764508508,-1.0355137872844515,1.1206575257054876,-0.10747352162941118,-1.0311557438977983,0.8678792407003681,-0.08906086670853501,-1.0523405211841625,0.8857511389121581,-0.08589983196259382,-1.0481669752115614,0.5191756687807233,5.0
-0.13827984632157228,-0.34339019495482537,1.1827339716986114,-0.14958119510636464,-0.33776875163483266,0.16228137216439434,-0.15744931776962226,-0.3174149644830465,0.5197490912442114,-0.15950438493461,-0.3312940690483825,0.9186043862034293,-0.09675174968787377,-0.3339366261304046,0.18192808556498266,-0.07883118408019929,-0.38102555794951815,1.1812907574223537,-0.1013344816273471,-0.3610922420287834,1.4444910451477648,-0.13641748274448237,-0.3318242174664549,1.5026090928152496,-0.1234647568917888,-0.28081319035560476,1.7367376137305708,-0.08424630108079416,-0.35712561363756073,0.9888560304454729,-0.18226390277199886,-0.3315436332669182,1.4217790026290744,-0.1986946492802863,-0.3371506457070948,1.1421552358889113,-0.19790233126207335,-0.31351254060499223,0.885375627115661,-0.11568225029052473,-0.3445992008691617,0.9277002758839551,-0.09811114601325244,-0.3372132877645758,0.5349521838566836,5.0
-0.049787779376250306,-0.7410809616558254,1.173542885316743,-0.050789199934620735,-0.7017064089369442,0.1475068889040914,-0.04634799930277546,-0.7228732793721266,0.5100944934205877,-0.04560742166641932,-0.7326139389640756,0.9104107142322593,-0.05694252466653577,-0.7344264726982348,0.15473100408497784,-0.07619295904361126,-0.7676404353050101,1.1564337892664804,-0.06359016097525859,-0.7580429492388956,1.4319136713941891,-0.04503598945656348,-0.7465677318654748,1.5009339931938384,-0.028404885704933096,-0.7411099788975358,1.7609324389033847,-0.0726042752309392,-0.7855440530369783,0.9267635469635328,-0.03067727028650956,-0.7285993881976336,1.4175720529423819,-0.030179626689965114,-0.726531691382762,1.1323886157737837,-0.024346632591914386,-0.7310591544147529,0.8761635170214706,-0.060643787782181685,-0.745566192374099,0.9172874912619591,-0.05878570500903556,-0.7475253241524721,0.5162914740956492,5.0
-0.12649650414186042,-0.657022860096324,1.1527974923451743,-0.13895183007199582,-0.6379579396031442,0.15376207856904892,-0.13744645874969483,-0.642402401309283,0.5301791063376835,-0.13946790756724242,-0.6543619794970644,0.8969252291179839,-0.10226532519930819,-0.639121476670594,0.12084764365326486,-0.09080162223073698,-0.6511168144687656,1.120906162261963,-0.09809837604836849,-0.660303189144248,1.3892402120998928,-0.12775579797591838,-0.6594042299226636,1.4771129562741234,-0.1302103512320346,-0.6542796257661567,1.7462901478721982,-0.09210255936597518,-0.6372228522452392,0.8832669837134225,-0.15288681574165822,-0.6670461212794873,1.4039045839082627,-0.16013029412965157,-0.6646946288273847,1.141459652355739,-0.15957388225610236,-0.6405118925763028,0.9257290303707123,-0.1128691429876545,-0.6512125090330041,0.8981216620831263,-0.10733567112724164,-0.6441247268133642,0.5237080341293698,5.0
