Altura (m),Idade,Sexo,Velocidade média (m/s),Cadência,Comprimento médio passada,Erro absoluto médio do comprimento de passo em metros,Desvio padrão comprimento passo medido em metros,Desvio padrão do erro de comprimento de passo em metros,Largura da passada,Erro largura da passada,Desvio padrão largura da passada,Comprimento médio de meio passo em metros,Erro absoluto médio do meio comprimento de passo em metros,Desvio padrão do comprimento médio de meio passo em metros,Desvio padrão do erro de comprimento de meio passo em metros,Comprimento do Swing em metros,Erro absoluto médio do swing em metros,Desvio padrão do swing em metros,Desvio padrão do erro de swing em metros,Comprimento do Stance em metros,Erro absoluto médio do stance em metros,Desvio padrão do stance em metros,Desvio padrão do erro de stance em metros,Distância inicial do pé em metros,Erro absoluto médio da distância entre os pés em metros,Desvio padrão da distância inicial entre os pés,Desvio padrão do erro da distância inicial entre os pés em metros,Ângulo médio de abertura das pernas durante a caminhada (°),Desvio padrão do ângulo médio dos passos em graus,Número de amostras do ângulo,Ângulo médio da coxa do joelho esquerdo,Desvio padrão do ângulo  médio da coxa do joelho esquerdo,Ângulo médio de flexão do joelho esquerdo,Desvio padrão do ângulo de flexão do joelho esquerdo,Ângulo médio de flexão do joelho direito,Desvio padrão do ângulo de flexão do joelho direito,Ângulo extensão do quadril (°),Desvio padrão do ângulo de extensão do quadril (°),Simetria do comprimento de passo,Desvio padrão da simetria do comprimento de passo,Movimento
1.7650,20.00,0,1.9636,41.2130,1.0403,0.1637,0.1637, 0.13,0.1850,-0.0100,0.1123,0.5386,0.0936,0.1790,0.1392, 0.6398,0.2098,0.1865,0.1865,0.6758,0.2158,0.2163 ,0.2138,0.1750, 0.0875,14.0569,15.0638,207,-10.17981800503791,67.89712509549844,30.519544985547466,30.059915613043405,31.455350352909978,28.66841089659729,-15.766846814585561,37.17120175944568,0.8653162511661768,0.3688950993238753,0
1.7500,21.00,0,1.4813,31.5363,0.9802,0.1196,0.1196, 0.06,0.0822,0.0988,0.0943,0.4942,0.1582,0.1773,0.1317, 0.5899,0.2509,0.2111,0.2111,0.6502,0.3172,0.2308 ,0.2308,0.1810, 0.0905,10.2496,13.5413,279,-8.032906479269325,50.82677546481353,21.32750297685337,19.582604108864352,13.915095058990858,13.247162497248457,-4.182038466506078,13.591797950773474,0.8102430411282769,0.3313099622052072,0
1.7650,20.00,0,2.2331,52.9970,1.1006,0.1530,0.1530, 0.10,0.1059,0.0691,0.1028,0.5543,0.1093,0.1809,0.1361, 0.6378,0.2078,0.1900,0.1900,0.7045,0.2445,0.1968 ,0.1968,0.1750, 0.0875,15.5993,15.5007,160,-14.699722353392962,59.36902229266386,24.61693536515943,23.061814940189315,19.54727596788487,16.907199100584165,-6.530136657085029,20.350031936885195,0.8013972546423566,0.3352873877295475,0
1.7620,39.00,0,2.2482,38.3172,1.1981,0.1666,0.1666, 0.11,0.1387,0.0233,0.0878,0.6134,0.1979,0.1878,0.1163, 0.7055,0.3025,0.1599,0.1599,0.7373,0.3093,0.1809 ,0.1809,0.1620, 0.0810,19.5678,16.3281,179,-13.744691465684289,70.73658327044542,22.73358883014395,19.061970508256938,21.009447099564618,19.64922019398324,-9.26206722215255,29.883305254538698,0.8806619783868086,0.3922780644762319,0
1.7100,23.00,1,1.8898,30.8689,1.1917,0.2004,0.2004, 0.14,0.0717,0.1103,0.0843,0.6078,0.1628,0.1824,0.1161, 0.6947,0.2647,0.1614,0.1614,0.7387,0.2787,0.1744 ,0.1744,0.1820, 0.0910,16.6344,17.2107,222,3.547858867383314,56.195909142247515,25.782844831265948,20.406776099229667,21.35879600129579,18.26839343548433,-0.041875341821465066,14.961748697165946,0.8397965570978395,0.3370289400105029,0
1.6800,59.00,0,2.4029,50.5329,1.0748,0.1818,0.1818, 0.14,0.1077,0.0673,0.0956,0.5480,0.1030,0.1849,0.1437, 0.6402,0.2102,0.1902,0.1902,0.6914,0.2314,0.2111 ,0.2092,0.1750, 0.0875,18.5007,16.3545,172,-7.533826514408255,61.1292825531024,18.053459029407577,18.926231356750456,16.091268552477157,16.261984107918657,-4.632274756851305,22.897461574227485,0.8512296590190329,0.39492630750662827,0
1.7650,20.00,0,2.5579,38.4599,1.2016,0.1652,0.1652, 0.12,0.1165,0.0585,0.0900,0.6033,0.1583,0.1845,0.1213, 0.6814,0.2514,0.1738,0.1738,0.7443,0.2843,0.1681 ,0.1681,0.1750, 0.0875,19.4766,17.4353,216,-8.654718661511705,66.23717887679918,21.86640437934486,19.43636741694274,20.64638433280001,15.750715468152793,-4.6731064552886155,27.70838240756873,0.8029211904719114,0.3217953152264658,0
1.7650,20.00,0,1.7754,32.2792,1.0899,0.1424,0.1424, 0.11,0.1329,0.0421,0.0893,0.5433,0.0983,0.1795,0.1386, 0.6296,0.1996,0.1942,0.1942,0.6941,0.2341,0.2020 ,0.2020,0.1750, 0.0875,15.5916,14.7738,207,-19.602244489635105,62.54441780034845,17.0289426443598,18.036397477154644,14.174637042246118,15.441615889926103,-5.892894465065691,20.056660892437698,0.8085825835409626,0.3382843008551613,0
1.8100,20.00,0,2.1365,56.1255,0.9936,0.1879,0.1879, 0.13,0.1592,0.0158,0.1154,0.5331,0.1731,0.1871,0.1362, 0.6117,0.2617,0.2084,0.2084,0.6946,0.3246,0.2064 ,0.2064,0.1750, 0.0875,15.1532,14.6227,149,-11.043879351044033,58.817199940068356,22.814704099899476,19.505775626178114,20.83731789087583,19.424372620300105,-12.056402427962718,17.568579083615777,0.7943597677092505,0.3845626459394994,0
1.7650,20.00,0,1.4346,31.3723,0.9903,0.1394,0.1394, 0.11,0.0988,0.0762,0.0933,0.5088,0.0638,0.1751,0.1453, 0.5983,0.1683,0.2040,0.2040,0.6666,0.2066,0.2196 ,0.2196,0.1750, 0.0875,14.0360,14.6365,208,-8.789563508295767,62.14350647785991,19.14615429873838,17.41947133291921,19.01744037040474,18.33088885228064,-5.125159099656451,19.27158118437965,0.797584549182115,0.32679277407493024,0
1.8100,45.00,0,2.1015,41.0731,1.0796,0.1682,0.1682, 0.13,0.1820,0.0160,0.1242,0.5470,0.1090,0.1789,0.1345, 0.6445,0.2135,0.1827,0.1827,0.6854,0.2404,0.2110 ,0.2110,0.1980, 0.0990,17.2985,14.5336,182,-10.89325119615526,62.27443070672577,26.424140725544227,23.27352608494914,29.71247554045231,24.625482520592147,-12.084580038127378,25.143862726896447,0.849632578399637,0.33836900854077273,0
1.7700,40.00,0,2.2364,42.4904,1.0937,0.1811,0.1811, 0.11,0.1353,0.0617,0.1082,0.5790,0.1520,0.1806,0.1217, 0.6820,0.2440,0.1624,0.1624,0.7023,0.2863,0.2015 ,0.2015,0.1970, 0.0985,18.8977,16.3029,175,-7.611770410199648,63.365706753764954,24.111407499608056,19.017719938740573,27.39722493013165,19.06604158127333,-2.5277482344796605,21.28274776762092,0.8905361488285551,0.35990630273612034,0
1.7700,40.00,0,1.9091,53.7997,0.9758,0.1228,0.1228, 0.09,0.2180,-0.0210,0.1612,0.4904,0.0634,0.1734,0.1455, 0.5895,0.1515,0.2069,0.2069,0.6442,0.2282,0.2338 ,0.2338,0.1970, 0.0985,13.3438,10.4294,158,-0.10617632875947769,50.28412611661727,14.09544126991636,15.50761386674989,12.332208877041106,11.945169466472354,-1.2104153330492273,10.177020575927717,0.819107844506783,0.32393061530681483,1
1.7700,40.00,0,1.6844,48.0943,0.9535,0.0919,0.0919, 0.08,0.2096,-0.0126,0.1480,0.4797,0.0527,0.1254,0.1110, 0.5364,0.0984,0.1656,0.1656,0.5652,0.1492,0.1955 ,0.1955,0.1970, 0.0985,13.4710,10.4462,322,-0.5053296352011323,48.82082693355406,12.19749513127015,14.388056147389534,13.301110144533908,12.123417134209593,-0.026429408429985854,10.64115279358912,0.9081278105201093,0.25524929454359335,1
1.7700,40.00,0,1.6386,50.4185,0.9598,0.0758,0.0758, 0.06,0.2046,-0.0076,0.1465,0.4817,0.0547,0.1041,0.0929, 0.5165,0.0785,0.1413,0.1413,0.5451,0.1291,0.1662 ,0.1662,0.1970, 0.0985,13.8606,10.8673,447,0.3371530764522332,49.7723680023918,13.435817535998337,14.666212108634122,12.818661383650268,11.74959389324238,-0.022764641706439694,11.095099179230202,0.9203243233498386,0.2139703413995811,1
1.7700,40.00,0,1.8815,53.9980,1.0293,0.1471,0.1471, 0.10,0.2215,-0.0245,0.1406,0.5184,0.0914,0.1751,0.1377, 0.6236,0.1856,0.1906,0.1906,0.6578,0.2418,0.2263 ,0.2263,0.1970, 0.0985,12.8310,10.0688,158,-3.4394465606350697,45.39778703730216,16.875607110604186,17.766232500762698,13.48728493157065,13.144413162109041,-6.228795810150871,13.727415782359722,0.8767437438753306,0.3711819511457251,1
1.7700,40.00,0,1.7348,48.4549,1.0307,0.1066,0.1066, 0.08,0.2139,-0.0169,0.1300,0.5185,0.0915,0.1290,0.1060, 0.5784,0.1404,0.1527,0.1527,0.5944,0.1784,0.1855 ,0.1855,0.1970, 0.0985,13.2209,10.0675,333,-5.261853472641563,50.78243110998468,17.432787529811375,16.950624223700004,13.674539516787432,13.50711059490732,-4.858766889790091,13.20738156269938,0.9440449838696158,0.28728707573066864,1
1.7700,40.00,0,1.1308,11.8528,0.9025,0.0593,0.0593, 0.05,0.1546,0.0424,0.1249,0.4597,0.0327,0.1725,0.1547, 0.5619,0.1239,0.2194,0.2194,0.6196,0.2036,0.2492 ,0.2492,0.1970, 0.0985,10.9025,9.1795,556,3.086097382886037,50.45010330237429,12.8984901487751,11.621436870665704,13.898903665907747,11.310805092145154,-1.2265856255967784,11.22661225138539,0.8231437794503462,0.34091124010588536,1
1.7700,40.00,0,2.1285,45.1431,1.1101,0.1697,0.1697, 0.12,0.2025,-0.0055,0.1788,0.5642,0.1372,0.1979,0.1512, 0.6686,0.2306,0.2004,0.2004,0.6906,0.2746,0.2091 ,0.2091,0.1970, 0.0985,15.4076,12.2149,175,18.47119623568854,52.14341651507713,10.703123725547695,10.879990515034978,13.35536542345224,15.103204144150832,-4.932403250753007,10.644452685361674,0.8997097640041196,0.45170559833477697,1
1.7700,40.00,0,1.8761,43.4090,1.0902,0.1200,0.1200, 0.10,0.2238,-0.0268,0.1684,0.5527,0.1257,0.1452,0.1179, 0.6147,0.1767,0.1627,0.1627,0.6208,0.2048,0.1766 ,0.1766,0.1970, 0.0985,15.1319,11.2821,343,8.157829541332614,52.760260915481744,11.1785855779331,11.882372205878896,12.406095941643446,12.549745362894834,-3.0526644860931524,12.535349574912145,0.961640980231517,0.34102389137921446,1
1.7700,40.00,0,1.8527,49.6831,1.0969,0.1066,0.1066, 0.09,0.2311,-0.0341,0.1605,0.5564,0.1294,0.1237,0.1024, 0.6064,0.1684,0.1412,0.1412,0.5961,0.1801,0.1523 ,0.1523,0.1970, 0.0985,15.2998,11.2473,444,8.95135577343802,52.599063038752796,11.922285261461187,12.043019104975173,14.544937115448697,14.450903718938052,-2.51700444150044,13.760552278091366,1.0030369532519463,0.29933277473089853,1
1.7650,40.00,0,1.6496,53.0751,1.0090,0.1603,0.1603, 0.12,0.2338,-0.0588,0.1469,0.5122,0.0672,0.1763,0.1453, 0.6030,0.1730,0.2027,0.2027,0.6677,0.2077,0.2197 ,0.2186,0.1750, 0.0875,16.3733,8.7305,110,15.279606042085192,50.136580039621265,14.660557885028071,16.10246844664913,9.893869471324537,11.926779611645362,-2.110632861372954,10.953415970894309,0.8108443954719853,0.34802533440079053,1
1.7650,40.00,0,1.7712,52.6989,1.0557,0.1166,0.1166, 0.09,0.2306,-0.0556,0.1340,0.5297,0.0847,0.1309,0.1084, 0.5808,0.1508,0.1549,0.1549,0.6125,0.1525,0.1776 ,0.1770,0.1750, 0.0875,16.7046,9.6564,248,5.356122461669006,55.41428194444553,13.43614201183187,15.309188540918955,13.093198095987901,14.9444888292413,-1.0747461840306545,12.006395697738983,0.9106458507973806,0.28068399643430897,1
1.7650,40.00,0,1.6271,47.3327,1.0843,0.1059,0.1059, 0.08,0.2303,-0.0553,0.1511,0.5424,0.0974,0.1107,0.0912, 0.5780,0.1480,0.1299,0.1299,0.5980,0.1380,0.1509 ,0.1505,0.1750, 0.0875,15.2508,11.0898,425,5.4083026321863565,54.143640277841406,12.509858516635008,13.486673444023292,12.848232071663418,13.73497713061595,-0.3400546858100722,12.586257237321425,0.9435429966126763,0.23846912147292462,1
1.7650,20.00,0,1.9940,63.1312,1.0177,0.1625,0.1625, 0.13,0.2003,-0.0253,0.1720,0.5141,0.0691,0.1787,0.1482, 0.6149,0.1849,0.1972,0.1972,0.6591,0.1991,0.2286 ,0.2265,0.1750, 0.0875,14.2232,11.6799,137,5.927519654035508,47.5514059700543,7.052629188405741,6.737691094205856,11.248010821553335,12.673781766685778,-1.108528578150056,11.53067717250291,0.8503718215492758,0.3522891565970997,1
1.7650,20.00,0,1.7452,55.8432,1.0202,0.1192,0.1192, 0.10,0.1975,-0.0225,0.1624,0.5158,0.0708,0.1305,0.1111, 0.5718,0.1418,0.1557,0.1557,0.5960,0.1360,0.1863 ,0.1832,0.1750, 0.0875,13.5558,11.7248,297,4.113739597576771,47.18458139665428,8.217120422686062,9.512310630117339,12.480338979395295,12.726279702363632,0.19045545345724307,11.421187628918858,0.9244651326897736,0.27651911305849675,1
1.7650,20.00,0,1.6386,52.9044,1.0186,0.1069,0.1069, 0.09,0.1883,-0.0133,0.1587,0.5059,0.0609,0.1088,0.0957, 0.5471,0.1171,0.1353,0.1353,0.5603,0.1003,0.1646 ,0.1615,0.1750, 0.0875,13.1597,11.7055,449,3.7839628720777068,49.23232857642292,9.79715514284728,11.679801071651035,12.12776914275845,12.189896038722049,-1.4529788092101446,13.174485608476276,0.957588622387769,0.23802395875335774,1
1.6800,59.00,0,2.1432,57.5720,1.0307,0.1370,0.1370, 0.11,0.2132,-0.0382,0.1751,0.5199,0.0749,0.1752,0.1418, 0.6068,0.1768,0.1991,0.1991,0.6769,0.2169,0.2133 ,0.2133,0.1750, 0.0875,16.1708,13.7283,155,4.983722854010574,45.99898082730339,13.900549287886932,11.629319706925486,11.560980112637203,11.064819270666401,-2.8100219400804654,11.969607279515666,0.7921182201779609,0.31773071556540056,1
1.6800,59.00,0,1.7237,50.1447,1.0119,0.1075,0.1075, 0.09,0.2102,-0.0352,0.1489,0.5069,0.0619,0.1283,0.1112, 0.5559,0.1259,0.1605,0.1605,0.5957,0.1357,0.1841 ,0.1828,0.1750, 0.0875,14.9185,12.2203,324,1.396145443991946,49.851271277778054,13.99803819990092,11.49085005696697,12.428435410059148,11.46421848528646,-2.0563461330393054,11.743643222453304,0.8882769085252595,0.2545273461083017,1
1.6800,59.00,0,1.6133,48.5536,0.9949,0.0902,0.0902, 0.08,0.2023,-0.0273,0.1381,0.4973,0.0523,0.1070,0.0954, 0.5322,0.1022,0.1385,0.1385,0.5588,0.0988,0.1635 ,0.1604,0.1750, 0.0875,14.8943,11.4827,477,2.9922844827870807,50.34877448510887,13.301210905005227,12.319448421790009,13.364201329962201,12.531105191577906,-1.0366114418359085,12.24801504084964,0.926794810280376,0.21941339286816128,1
1.7100,23.00,1,1.9602,68.2346,1.0607,0.1546,0.1546, 0.10,0.1839,-0.0019,0.1697,0.5358,0.0908,0.1747,0.1352, 0.6218,0.1918,0.1896,0.1896,0.6891,0.2291,0.2063 ,0.2063,0.1820, 0.0910,13.4241,11.0486,124,-0.08329726037748703,48.0528215427511,21.257215714480708,18.594451286049324,15.659708702118776,13.62576481506223,0.05023557868036248,16.30056614456756,0.8018665370571959,0.32399533100112243,1
1.7100,23.00,1,1.6514,52.0628,1.0820,0.1137,0.1137, 0.09,0.1729,0.0091,0.1659,0.5404,0.0954,0.1308,0.1060, 0.5920,0.1620,0.1465,0.1465,0.6209,0.1609,0.1774 ,0.1760,0.1820, 0.0910,12.1614,11.3132,320,-3.577841700287085,48.42150950486082,18.067387292735503,17.08523888154273,14.534758139386081,12.753104129900171,-1.5263704126537077,15.056389399766594,0.9219796825933518,0.29518298326526843,1
1.7100,23.00,1,1.6529,51.2879,1.0776,0.0978,0.0978, 0.08,0.1795,0.0025,0.1621,0.5385,0.0935,0.1096,0.0910, 0.5764,0.1464,0.1248,0.1248,0.5923,0.1323,0.1560 ,0.1550,0.1820, 0.0910,12.8180,11.4676,465,-4.742690496189128,49.290064665227575,16.96174088847322,17.20885946205899,15.79283794685619,14.101857429477638,-1.3547417249173166,15.454000006028428,0.9580350830108714,0.25721000027017193,1
1.7620,39.00,0,1.1585,35.7069,1.0636,0.1946,0.1946, 0.13,0.2093,-0.0473,0.1824,0.5789,0.1634,0.1835,0.1237, 0.6450,0.2420,0.1875,0.1875,0.7391,0.3111,0.1716 ,0.1716,0.1620, 0.0810,13.5946,12.1871,135,3.2984865019990375,51.917850991920055,17.087041789385268,15.948608685124603,16.201452605553364,17.65678851279975,-5.932815986561464,13.651010109680488,0.746268462188037,0.287322751322932,1
1.7620,39.00,0,1.0841,35.8941,1.0930,0.1458,0.1458, 0.12,0.2101,-0.0481,0.1806,0.5827,0.1672,0.1384,0.1004, 0.6164,0.2134,0.1521,0.1521,0.6742,0.2462,0.1493 ,0.1493,0.1620, 0.0810,13.4101,12.1749,270,-0.006330203824611036,50.77059654897269,14.348959183812944,14.14185145317128,16.491475319448142,15.80405704137458,-2.1555916384323255,14.496962862572252,0.8565633748878934,0.2550425696309441,1
1.7650,20.00,0,1.5479,54.3481,1.0121,0.1485,0.1485, 0.11,0.1773,-0.0023,0.1759,0.5092,0.0642,0.1753,0.1448, 0.6214,0.1914,0.1910,0.1910,0.6442,0.1842,0.2352 ,0.2286,0.1750, 0.0875,13.0877,12.5441,131,4.351383290302745,48.39024277354893,13.874579396218223,14.43515638367302,12.721465298448429,14.038285841481336,0.6509656333940005,15.133135541515713,0.8912485881111004,0.36119200445090793,1
1.7650,20.00,0,1.4820,44.7147,1.0260,0.1161,0.1161, 0.09,0.1636,0.0114,0.1535,0.5198,0.0748,0.1316,0.1115, 0.5790,0.1490,0.1553,0.1553,0.5962,0.1362,0.1858 ,0.1824,0.1750, 0.0875,12.8298,11.9551,323,4.057322509509466,48.39253627237186,12.06903662215073,12.516884503992651,13.648517042018302,14.512646968211083,-1.326486635086621,13.446403129450255,0.9393484645843245,0.2942129330383452,1
1.7650,20.00,0,1.4744,49.4723,1.0318,0.1026,0.1026, 0.09,0.1740,0.0010,0.1497,0.5185,0.0735,0.1105,0.0955, 0.5621,0.1321,0.1339,0.1339,0.5688,0.1088,0.1611 ,0.1588,0.1750, 0.0875,13.0427,11.5742,435,3.182159372958677,48.52866632799331,12.272459576389984,13.484021553317472,15.77049125254007,15.700017340131849,-0.641056165825259,14.100658998284032,0.9707474547853915,0.2539180914955439,1
1.7500,21.00,0,1.7851,64.2258,0.9255,0.1497,0.1497, 0.08,0.1559,0.0251,0.1396,0.4535,0.1175,0.1781,0.1445, 0.5691,0.2301,0.2182,0.2182,0.6018,0.2688,0.2643 ,0.2643,0.1810, 0.0905,12.4197,7.3024,134,10.598526038438372,52.1611905559489,12.192771682586601,13.149340558490488,13.107021023678447,12.351188365561098,1.943089828786912,13.308436836710186,0.9004245377292827,0.41123434774180695,1
1.7500,21.00,0,1.6170,60.7553,0.9068,0.1253,0.1253, 0.09,0.1768,0.0042,0.1437,0.4505,0.1145,0.1302,0.1090, 0.5157,0.1767,0.1738,0.1738,0.5324,0.1994,0.2139 ,0.2139,0.1810, 0.0905,12.6051,8.8126,266,8.60738371462079,49.85472143804696,12.916811844568441,13.274394092120561,12.267676398097725,11.888961352561326,0.15880719232780227,13.438310611576805,0.9568043921342722,0.319426962706144,1
1.7500,21.00,0,1.4877,51.3261,0.9109,0.0880,0.0880, 0.07,0.1720,0.0090,0.1397,0.4567,0.1207,0.1087,0.0912, 0.5021,0.1631,0.1476,0.1476,0.5124,0.1794,0.1809 ,0.1809,0.1810, 0.0905,12.6644,9.3291,442,1.2019358215541978,50.206251824926085,13.248199012974743,13.295739423895183,11.105827356605362,10.467773395521384,0.8618779225176585,13.08755857992329,0.9736700161100436,0.26755700387256787,1
1.7650,20.00,0,1.4095,30.0185,0.9679,0.1110,0.1110, 0.09,0.1264,0.0486,0.1426,0.4860,0.0410,0.1751,0.1519, 0.5895,0.1595,0.2077,0.2077,0.6367,0.1767,0.2400 ,0.2329,0.1750, 0.0875,13.0505,9.0288,222,4.613606270401556,45.321078191245014,14.351872916391923,13.175026685352783,13.742578699645764,13.401540487631511,-5.31179834638428,12.386888338991952,0.8454307822085244,0.353884878061716,1
1.7650,20.00,0,1.3789,35.0739,0.9736,0.0992,0.0992, 0.09,0.1559,0.0191,0.1486,0.5028,0.0578,0.1318,0.1151, 0.5519,0.1219,0.1632,0.1632,0.5921,0.1321,0.1890 ,0.1851,0.1750, 0.0875,12.6889,9.6401,391,-1.196116468986919,48.79376828367341,14.08255925930619,12.500933296164783,15.78060849448033,14.816727538224068,-1.5698054045778118,14.838744062841338,0.89366060149221,0.2718083926487947,1
1.7650,20.00,0,2.3337,47.1590,1.0896,0.1595,0.1595, 0.11,0.1507,0.0243,0.0935,0.5632,0.1182,0.1765,0.1266, 0.6537,0.2237,0.1778,0.1778,0.7038,0.2438,0.1949 ,0.1949,0.1750, 0.0875,16.7771,15.7762,184,4.156324545108859,65.31831845829184,19.55916626624507,17.825274973497436,20.21890497086684,19.076958135991564,-2.1015675473652045,20.513784179439895,0.8365434207565312,0.34676147660675255,2
1.7650,20.00,0,2.1099,41.0433,1.1205,0.1275,0.1275, 0.10,0.1290,0.0460,0.0751,0.5634,0.1184,0.1305,0.0995, 0.6169,0.1869,0.1410,0.1410,0.6382,0.1782,0.1661 ,0.1661,0.1750, 0.0875,17.8084,15.3624,378,12.657294594974749,64.37991975330952,19.867157076691715,18.085362338946013,20.03481369734058,18.880386410132424,-0.4620172587046262,19.502016637411845,0.9287438375105744,0.27757760751360944,2
1.7500,21.00,0,1.8136,39.4099,0.9092,0.1278,0.1278, 0.09,0.1010,0.0800,0.0881,0.4812,0.1452,0.1818,0.1415, 0.5879,0.2489,0.2161,0.2161,0.6302,0.2972,0.2458 ,0.2458,0.1810, 0.0905,13.8764,13.9932,208,-5.097747581980569,60.663175369173686,25.802706392056596,19.69658831483211,16.228706984980043,16.099512305943954,1.8814970398198738,14.905484161945513,0.8627594801220756,0.40238618660136455,2
1.7500,21.00,0,1.9397,41.0076,0.9491,0.1120,0.1120, 0.09,0.0994,0.0816,0.0731,0.4929,0.1569,0.1351,0.1070, 0.5473,0.2083,0.1717,0.1717,0.5786,0.2456,0.1931 ,0.1931,0.1810, 0.0905,16.4717,14.3798,382,-5.296505480696895,61.87562430544693,25.581839859518453,20.08152869633722,16.439957316921586,16.001303759240834,1.7212158671705517,14.73483344605355,0.9130532508821178,0.3117033369574937,2
1.7650,20.00,0,2.7814,62.2007,1.0611,0.1565,0.1565, 0.12,0.1073,0.0677,0.1003,0.5460,0.1010,0.1805,0.1381, 0.6480,0.2180,0.1819,0.1819,0.6802,0.2202,0.2157 ,0.2115,0.1750, 0.0875,20.9007,15.6595,134,-18.215515502831952,68.26597711627338,21.576143717241507,19.456047754716785,24.335585322141135,21.89328046879278,-6.400460598902114,20.92505556580033,0.8673447648497571,0.3490393990321245,2
1.7650,20.00,0,2.3293,45.9033,1.1059,0.1180,0.1180, 0.10,0.1040,0.0710,0.0774,0.5513,0.1063,0.1376,0.1113, 0.6123,0.1823,0.1489,0.1489,0.6207,0.1607,0.1785 ,0.1762,0.1750, 0.0875,20.2622,15.1762,330,-17.45286226826628,66.99137320294905,21.216033903054548,19.60373290361157,20.30437519548056,20.576227855500484,-3.5813634231500657,19.44605238849057,0.9521415657259025,0.2878291424510638,2
1.7620,39.00,0,2.6920,49.0486,1.2057,0.1887,0.1887, 0.14,0.1174,0.0446,0.0918,0.6161,0.2006,0.1886,0.1165, 0.6995,0.2965,0.1616,0.1616,0.7479,0.3199,0.1761 ,0.1761,0.1620, 0.0810,19.2883,17.0734,167,-12.890891012955228,67.16260647817806,20.215461692429127,16.948591381145754,22.332329645269674,19.92926343180395,0.22063426050115012,16.73958603804435,0.8472050166637679,0.36132246747340413,2
1.7620,39.00,0,2.4164,42.4745,1.1723,0.1343,0.1343, 0.11,0.1132,0.0488,0.0728,0.6059,0.1904,0.1499,0.1106, 0.6629,0.2599,0.1358,0.1358,0.6702,0.2422,0.1717 ,0.1697,0.1620, 0.0810,19.2535,16.5581,370,-11.91213234991709,68.07829500582818,20.952461084022485,17.268605719953793,20.91348198074513,19.46954631711987,0.23786782030199272,16.25326614148545,0.9669070513048116,0.32044290822069604,2
1.7100,23.00,1,1.8613,29.3724,1.2908,0.2179,0.2179, 0.16,0.0750,0.1070,0.0941,0.6508,0.2058,0.1960,0.1188, 0.7151,0.2851,0.1579,0.1579,0.7914,0.3314,0.1513 ,0.1513,0.1820, 0.0910,15.6820,17.9981,241,12.32247613096758,55.84456261196818,26.51664396182545,20.966193415941028,22.004876830059366,18.572976891179927,-1.8167109376606894,15.423733951944685,0.7878745154252629,0.30527824614734256,2
1.6800,59.00,0,2.0469,42.6579,1.0594,0.1636,0.1636, 0.12,0.1159,0.0591,0.0890,0.5298,0.0848,0.1826,0.1472, 0.6451,0.2151,0.1841,0.1841,0.6556,0.1956,0.2325 ,0.2297,0.1750, 0.0875,19.3843,15.9177,165,-0.4601461289471208,65.96312472679908,16.230967594249265,19.24409057219613,17.5849432777238,16.082908339095688,-3.3263738351512164,18.848343823641557,0.9228252894607701,0.3927973815876137,2
1.6800,59.00,0,2.1717,45.0676,1.0917,0.1206,0.1206, 0.10,0.1154,0.0596,0.0723,0.5334,0.0884,0.1374,0.1156, 0.6055,0.1755,0.1484,0.1484,0.5946,0.1346,0.1902 ,0.1877,0.1750, 0.0875,20.2749,15.7440,337,0.3468390148143921,66.75802531733329,17.53367564476566,19.545583340024383,18.00259940554036,17.306134016732695,-4.406955767951403,18.13071770972484,0.9996315123570507,0.316007234193285,2
1.7650,20.00,0,2.3184,37.6065,1.1684,0.1506,0.1506, 0.10,0.1285,0.0465,0.0871,0.5956,0.1506,0.1841,0.1222, 0.6683,0.2383,0.1754,0.1754,0.7443,0.2843,0.1715 ,0.1715,0.1750, 0.0875,23.0545,16.3127,169,-4.145124009496109,69.52496210525021,18.896102903359996,17.915853000272246,22.033546623734043,19.796370709943336,-1.3587872430438792,21.925376053918715,0.7856173272495078,0.31826442403095984,2
1.7650,20.00,0,2.3594,37.2803,1.2306,0.1342,0.1342, 0.10,0.1310,0.0440,0.0724,0.6175,0.1725,0.1382,0.0940, 0.6613,0.2313,0.1342,0.1342,0.6931,0.2331,0.1439 ,0.1439,0.1750, 0.0875,23.2621,16.9015,360,-6.698904839233037,68.87325531998599,21.32693345967109,18.357599031202803,21.425895875682112,19.190143961323635,0.4957759753016455,20.841829671084806,0.9085200182525246,0.281585367002261,2
1.7650,20.00,0,2.4145,50.3977,1.0891,0.1737,0.1737, 0.15,0.1322,0.0428,0.0959,0.5568,0.1118,0.1898,0.1465, 0.6333,0.2033,0.1883,0.1883,0.7132,0.2532,0.2074 ,0.2074,0.1750, 0.0875,19.0310,14.2788,150,-21.08277262161001,65.59122202980953,19.221025295795823,16.6621522175915,22.659659334682345,16.550588058400045,-7.363075050901894,19.53460397965497,0.7982480859835872,0.34421045184934634,2
1.7650,20.00,0,2.4305,49.3829,1.0959,0.1394,0.1394, 0.12,0.1329,0.0421,0.0761,0.5587,0.1137,0.1418,0.1141, 0.5978,0.1678,0.1518,0.1518,0.6488,0.1888,0.1735 ,0.1735,0.1750, 0.0875,19.9945,14.7481,311,-31.04715987917672,61.96194700395445,22.154432760405733,18.38929589352204,22.009419811482406,16.364069555466642,-4.353111659396848,19.218238953355097,0.882788020928869,0.2787046401723954,2
1.8100,20.00,0,2.1788,42.1643,1.0922,0.1550,0.1550, 0.09,0.1656,0.0094,0.0917,0.5446,0.1846,0.1860,0.1297, 0.6675,0.3175,0.1724,0.1724,0.6583,0.2883,0.2332 ,0.2290,0.1750, 0.0875,18.2388,15.1215,167,-5.106302586240557,64.7001624582661,19.58350057931164,16.405761150092626,17.54244153820743,17.103362206257597,-1.7422111830639457,17.66090042702611,0.9878857341821841,0.45120301872877944,2
1.8100,20.00,0,2.3480,48.6184,1.0577,0.1505,0.1505, 0.12,0.1607,0.0143,0.0812,0.5531,0.1931,0.1477,0.1129, 0.6108,0.2608,0.1563,0.1563,0.6255,0.2555,0.1855 ,0.1829,0.1750, 0.0875,19.2389,15.0317,312,-9.009506570164831,67.08714846794685,19.136998839416282,16.087743503442333,19.415459442248025,17.706606548213454,-1.0023983237978114,17.04727643121834,0.9669730780337233,0.3618892258855415,2
1.7650,20.00,0,2.0567,49.9799,0.9763,0.1447,0.1447, 0.12,0.0983,0.0767,0.0902,0.4898,0.0448,0.1758,0.1504, 0.5863,0.1563,0.2090,0.2090,0.6463,0.1863,0.2349 ,0.2298,0.1750, 0.0875,15.4762,13.9250,171,-6.952944087300249,64.48360400812541,16.941864037574227,15.4426413173868,19.716803330718005,17.348218033192715,-5.3603702219038665,14.675604772384105,0.8164411559143161,0.33620990435933706,2
1.7650,20.00,0,1.8919,43.0063,1.0304,0.1094,0.1094, 0.09,0.0975,0.0775,0.0697,0.5040,0.0590,0.1292,0.1111, 0.5639,0.1339,0.1584,0.1584,0.5823,0.1223,0.1906 ,0.1866,0.1750, 0.0875,16.5312,14.0590,364,-2.9808896289378866,67.0107224580384,18.959338049540463,17.251062990167746,19.67727803466946,18.590561170433578,-4.304106019306162,15.860270577118136,0.937191622977754,0.2841472911745012,2
1.8100,45.00,0,1.9577,27.2944,1.1194,0.1707,0.1707, 0.13,0.1368,0.0612,0.0729,0.5751,0.1371,0.1788,0.1232, 0.6671,0.2361,0.1711,0.1711,0.7105,0.2655,0.1934 ,0.1934,0.1980, 0.0990,18.4164,14.2866,243,-20.90727861418021,67.40973205242717,23.35685699607673,20.65624758250987,20.640576846149003,16.488585870372848,-1.592392433179254,18.382468157681174,0.8515826545080147,0.35398920073632234,2
1.8100,45.00,0,1.9877,31.3512,1.0994,0.1292,0.1292, 0.11,0.1338,0.0642,0.0624,0.5732,0.1352,0.1339,0.1003, 0.6221,0.1911,0.1419,0.1419,0.6511,0.2061,0.1628 ,0.1628,0.1980, 0.0990,20.6394,13.9533,401,-18.29262697039035,68.92609981884912,24.786891635632145,20.57438467384742,22.826467420735067,18.625841568163242,-0.329064824928578,18.51256871888574,0.913169651543568,0.2688808194241369,2
1.7700,40.00,0,2.8339,44.5329,1.1041,0.1388,0.1388, 0.09,0.1365,0.0605,0.0904,0.5653,0.1383,0.1757,0.1202, 0.6500,0.2120,0.1768,0.1768,0.7110,0.2950,0.1909 ,0.1909,0.1970, 0.0985,21.8529,14.8617,184,-1.2027013168991179,68.60198632706528,20.948561152605986,18.035874801240663,25.354139423645808,19.974316783005424,-0.7871026992611767,17.022489128705597,0.8108258135766835,0.3198766358794362,2
1.7700,40.00,0,2.5019,40.2278,1.1151,0.1133,0.1133, 0.08,0.1241,0.0729,0.0744,0.5539,0.1269,0.1309,0.0995, 0.6012,0.1632,0.1456,0.1456,0.6364,0.2204,0.1683 ,0.1683,0.1970, 0.0985,21.0081,14.5941,391,-1.8815055736810424,68.41144732450772,22.763778500015583,18.736868086951517,23.037792730910816,18.231461117619936,-1.175667575309207,16.459777047897653,0.9008263865136438,0.26400041902714033,2
1.7700,40.00,0,2.7314,53.0490,1.1880,0.2148,0.2148, 0.17,0.1244,0.0726,0.1011,0.5884,0.1614,0.1906,0.1326, 0.6833,0.2453,0.1708,0.1708,0.7171,0.3011,0.2004 ,0.2004,0.1970, 0.0985,18.6706,17.4737,163,-14.70205636189062,62.52877450742509,20.587676912019067,18.484217618986623,35.30651547074216,31.39497457513475,-20.006557627918184,26.645235090909154,0.87615213392118,0.38414392784667056,3
1.7700,40.00,0,2.6712,62.4668,1.2145,0.1889,0.1889, 0.16,0.1400,0.0570,0.0912,0.5891,0.1621,0.1528,0.1195, 0.6435,0.2055,0.1455,0.1455,0.6588,0.2428,0.1790 ,0.1790,0.1970, 0.0985,20.5373,16.5899,261,-11.29711771382014,64.58142275119995,20.916119776247722,18.545341228943965,37.76546209968095,32.57721845041461,-3.80799318125104,33.68664837205611,0.9503247000058239,0.3146642055897975,3
1.7700,40.00,0,2.3997,55.1530,1.1886,0.1515,0.1515, 0.13,0.1308,0.0662,0.0853,0.5831,0.1561,0.1373,0.1145, 0.6216,0.1836,0.1407,0.1407,0.6312,0.2152,0.1600 ,0.1600,0.1970, 0.0985,19.9451,16.6717,420,-11.914465323959426,64.89752538952008,20.039791969220957,18.61158955748502,37.5431909943884,31.533050712535633,-8.387230439457198,32.19808367969843,0.9659215726447932,0.2660797811491141,3
1.7700,40.00,0,2.3223,52.2272,1.1902,0.1466,0.1466, 0.13,0.1274,0.0696,0.0805,0.5845,0.1575,0.1291,0.1112, 0.6139,0.1759,0.1306,0.1306,0.6211,0.2051,0.1512 ,0.1512,0.1970, 0.0985,19.9644,16.8209,575,-12.677144377909391,64.77624353600986,19.417724215225075,18.05199578034153,36.7019313205731,31.365121601079966,-1.1585636711532217,32.81758561358024,0.9817111954445036,0.25574984950117385,3
1.8100,45.00,0,2.4834,44.9598,1.0810,0.1578,0.1578, 0.11,0.1518,0.0462,0.0810,0.5558,0.1178,0.1776,0.1294, 0.6490,0.2180,0.1823,0.1823,0.6959,0.2509,0.2003 ,0.2003,0.1980, 0.0990,18.4081,15.0107,181,-4.716874677356239,66.15425621469886,27.69478971127003,22.20624675076844,25.18133207340826,22.204806725183666,-5.3885387345335936,28.691890813994714,0.8329694544191522,0.3320435164420389,3
1.8100,45.00,0,2.2940,42.0094,1.1134,0.1306,0.1306, 0.10,0.1490,0.0490,0.0704,0.5571,0.1191,0.1329,0.1031, 0.6076,0.1766,0.1471,0.1471,0.6359,0.1909,0.1683 ,0.1683,0.1980, 0.0990,18.6654,14.4662,372,-5.888250863490257,67.53840391009265,27.35286185884072,22.216837550049128,18.91029002939547,17.961005072555164,-7.133466433100751,28.213316416560243,0.9098249606462425,0.2614647263800533,3
1.8100,45.00,0,2.2403,44.1216,1.1020,0.1134,0.1134, 0.09,0.1516,0.0464,0.0652,0.5465,0.1085,0.1128,0.0923, 0.5813,0.1503,0.1321,0.1321,0.6026,0.1576,0.1495 ,0.1495,0.1980, 0.0990,19.0749,14.2616,517,-4.292187517891957,67.08291095180778,27.10470668905058,21.039769689477357,19.0444574441106,17.59553675866015,1.3801135960315887,29.97782621784656,0.9357487055371295,0.22732305417468726,3
1.7650,20.00,0,1.6194,28.8522,0.9581,0.0906,0.0906, 0.08,0.0958,0.0792,0.0802,0.4954,0.0504,0.1750,0.1494, 0.5900,0.1600,0.2086,0.2086,0.6521,0.1921,0.2288 ,0.2280,0.1750, 0.0875,15.2406,13.8920,236,2.7943715124835746,65.7590141308792,20.375812128220552,17.034361468355712,22.660216618434198,21.036463279925254,-0.40340631693346035,20.819186138422022,0.811154768051603,0.3341229216376931,3
1.7650,20.00,0,1.5137,26.1976,0.9809,0.0841,0.0841, 0.07,0.0957,0.0793,0.0675,0.5006,0.0556,0.1287,0.1122, 0.5567,0.1267,0.1612,0.1612,0.5832,0.1232,0.1895 ,0.1868,0.1750, 0.0875,14.6612,13.5929,529,-0.2615753661776406,67.68807794935881,18.628795657331175,15.53130575157863,27.384326824410756,24.930550095990498,-1.5078655615488987,21.651507467025702,0.920446461200935,0.2781039364889894,3
1.8100,20.00,0,2.8742,54.1573,1.1781,0.2525,0.2525, 0.16,0.1754,-0.0004,0.1012,0.5924,0.2324,0.1987,0.1327, 0.6890,0.3390,0.1859,0.1859,0.7181,0.3481,0.1970 ,0.1970,0.1750, 0.0875,20.6841,16.0326,152,-21.99615056274379,67.39122916902949,15.12143167036649,13.560921904262123,32.87640859124921,27.258022037733216,-17.103874311139833,21.70345048671544,0.89364185915422,0.4342467295942016,3
1.8100,20.00,0,2.7171,53.1045,1.2684,0.1768,0.1768, 0.13,0.1811,-0.0061,0.0837,0.6071,0.2471,0.1569,0.1148, 0.6538,0.3038,0.1594,0.1594,0.6814,0.3114,0.1609 ,0.1609,0.1750, 0.0875,21.8352,16.1319,293,-16.245732313736614,66.44708902304393,17.61730323783573,15.93147003727023,28.765503719327054,25.719913830190638,1.179725859318846,29.644072256228817,0.9314676712256803,0.3503725303591389,3
1.8100,20.00,0,2.6033,54.5709,1.2303,0.1955,0.1955, 0.17,0.1814,-0.0064,0.0740,0.5949,0.2349,0.1450,0.1168, 0.6277,0.2777,0.1515,0.1515,0.6473,0.2773,0.1564 ,0.1546,0.1750, 0.0875,21.7515,16.3420,418,-18.36356037500345,66.11446092509642,17.448078867004075,15.688929311451313,29.197550440841173,25.575618767772458,-2.911026632966152,28.352736189278286,0.9567021582606619,0.3066054720572886,3
1.7750,30.00,0,1.5240,22.6494,1.0254,0.1364,0.1364, 0.11,0.1186,0.0794,0.0783,0.5691,0.1336,0.1858,0.1324, 0.6582,0.2432,0.1798,0.1798,0.7094,0.2534,0.2016 ,0.1929,0.1980, 0.0990,15.0443,13.5654,266,-18.265634034199522,68.01174049720518,18.719278344586403,14.826877960299322,22.487478684493194,18.61085179596176,-5.499881236500388,19.981171633268207,0.8532325661203333,0.3863145382550104,3
1.7750,30.00,0,1.4802,21.5980,1.1493,0.1333,0.1333, 0.12,0.1195,0.0785,0.0604,0.5984,0.1629,0.1429,0.1038, 0.6362,0.2212,0.1447,0.1447,0.6831,0.2271,0.1545 ,0.1489,0.1980, 0.0990,14.2259,14.2260,606,-8.947762311794204,71.0175236481507,17.48618763512509,14.476191770479018,23.521407967403682,19.33779103322383,-3.1504019729261175,19.52613669533697,0.8925217193982566,0.29402378518475814,3
1.7650,40.00,0,2.4755,33.5309,1.1302,0.1374,0.1374, 0.10,0.1454,0.0296,0.0840,0.5630,0.1180,0.1771,0.1276, 0.6631,0.2331,0.1738,0.1738,0.6941,0.2341,0.2016 ,0.2016,0.1750, 0.0875,19.3916,15.4086,242,-5.503120146826053,65.7101749456424,17.40321839999852,19.273978496766542,21.153063373579684,25.64828945448046,-0.8978144998320211,23.8931530039269,0.8679196385278704,0.3538214392376829,3
1.7650,40.00,0,2.1121,32.0314,1.1047,0.1224,0.1224, 0.11,0.1430,0.0320,0.0809,0.5634,0.1184,0.1317,0.1012, 0.6218,0.1918,0.1399,0.1399,0.6333,0.1733,0.1693 ,0.1693,0.1750, 0.0875,18.4889,15.1732,471,-2.974810136277667,65.80056562300926,17.272768769177226,17.872183032377603,20.437464876223864,22.757273508744863,-2.0155468242214485,24.16600543463033,0.9436105153373158,0.27412278754763536,3
1.6800,59.00,0,2.2200,48.1014,1.0314,0.1297,0.1297, 0.11,0.1313,0.0437,0.0901,0.5216,0.0766,0.1801,0.1457, 0.6074,0.1774,0.2022,0.2022,0.6794,0.2194,0.2152 ,0.2134,0.1750, 0.0875,16.9241,15.1465,171,-1.319466652297073,66.19180587856577,16.876057411490976,18.41440242493931,28.691614547882335,26.390308110181863,-9.519378774436928,18.794181970134574,0.7952386205085265,0.32843743482589854,3
1.6800,59.00,0,2.0032,41.8982,1.0443,0.1143,0.1143, 0.10,0.1277,0.0473,0.0719,0.5274,0.0824,0.1348,0.1132, 0.5756,0.1456,0.1581,0.1581,0.6135,0.1535,0.1810 ,0.1788,0.1750, 0.0875,18.3889,14.6485,357,-2.63627430293338,68.08019294988891,18.11241812622227,17.881596035829432,30.22713300133988,26.63894811878946,-3.739422450616524,23.940390806800696,0.8982325177918672,0.26790473118793984,3
1.6800,59.00,0,1.9804,41.9725,1.0392,0.0980,0.0980, 0.09,0.1277,0.0473,0.0691,0.5271,0.0821,0.1129,0.0965, 0.5565,0.1265,0.1362,0.1362,0.5909,0.1309,0.1558 ,0.1543,0.1750, 0.0875,18.7417,14.7780,524,-2.4475148498488544,67.43242649617494,18.459351907232694,18.577705259868438,29.129241735486332,26.392959867966308,-1.823808757555337,23.438137399689214,0.9153913540532952,0.2238066205790049,3
1.7100,23.00,1,2.0646,39.2419,1.0863,0.1376,0.1376, 0.10,0.0882,0.0938,0.0886,0.5509,0.1059,0.1776,0.1316, 0.6428,0.2128,0.1848,0.1848,0.6937,0.2337,0.2023 ,0.2023,0.1820, 0.0910,13.7852,15.5006,223,7.5639523952845185,58.22040045633328,20.457301596099764,18.837238724805818,27.031844827881315,26.1050342067176,-10.579242470929902,19.313945206527606,0.8254867554755866,0.3273914108460705,3
1.7100,23.00,1,1.8622,34.5372,1.1217,0.1324,0.1324, 0.11,0.0806,0.1014,0.0764,0.5596,0.1146,0.1358,0.1066, 0.6159,0.1859,0.1501,0.1501,0.6322,0.1722,0.1689 ,0.1689,0.1820, 0.0910,14.5995,15.4886,458,9.468130310464039,58.381716213084076,19.93097458339372,18.885347559471796,27.720365398466363,25.130878975362137,-3.961995319653753,23.117263382469034,0.9313349263548707,0.2763934270479307,3
1.7100,23.00,1,1.9183,36.9925,1.1163,0.1169,0.1169, 0.10,0.0791,0.1029,0.0714,0.5565,0.1115,0.1152,0.0937, 0.5946,0.1646,0.1307,0.1307,0.6082,0.1482,0.1488 ,0.1488,0.1820, 0.0910,15.4242,15.6409,628,11.220416855721176,57.58222106985463,20.94940864380506,19.584327717158864,27.312222228801634,24.707738642978267,-1.5295623259458724,23.123231916835216,0.9521001584613146,0.23974457436945412,3
1.7620,39.00,0,1.8245,34.1953,1.0122,0.1382,0.1382, 0.10,0.1282,0.0338,0.0882,0.5145,0.0990,0.1797,0.1422, 0.6132,0.2102,0.1970,0.1970,0.6615,0.2335,0.2292 ,0.2291,0.1620, 0.0810,15.5836,13.5628,199,-14.085585333908186,70.27062101761267,24.37127938651365,17.684194896172137,24.812065558657498,25.44725618761048,-2.171812075481332,23.978266174270956,0.8549768449711456,0.3764473973103301,3
1.7620,39.00,0,1.8311,35.0002,1.0504,0.1201,0.1201, 0.10,0.1276,0.0344,0.0725,0.5160,0.1005,0.1358,0.1121, 0.5830,0.1800,0.1534,0.1534,0.5852,0.1572,0.1955 ,0.1922,0.1620, 0.0810,15.4063,13.3780,414,-13.868074847817509,69.39402797492914,21.92743313820552,16.587643842194296,28.206951026301926,27.838428309222355,-1.8525855656033459,25.21327853328239,0.9855224398950938,0.33106339505147775,3
1.7650,20.00,0,2.0437,51.2249,1.0391,0.1772,0.1772, 0.15,0.1150,0.0600,0.0932,0.5235,0.0785,0.1813,0.1475, 0.6255,0.1955,0.1966,0.1966,0.6645,0.2045,0.2245 ,0.2207,0.1750, 0.0875,19.3693,14.9932,129,-7.709700706754174,70.89426546583809,20.819455776572827,19.828850081846916,25.177087522717034,23.759780384548822,-19.303739770025935,19.705758023527963,0.8677983166071903,0.38774943394339006,3
1.7650,20.00,0,2.0362,48.9931,1.1028,0.1444,0.1444, 0.12,0.1016,0.0734,0.0766,0.5390,0.0940,0.1450,0.1229, 0.5856,0.1556,0.1619,0.1619,0.6248,0.1648,0.1842 ,0.1822,0.1750, 0.0875,19.7469,15.8780,280,-8.629872228192264,69.40228049384848,21.35256913551964,20.190629585477826,25.513501945847633,24.14651139518495,0.7757078295208856,29.398524655158695,0.9052091282613973,0.3089320436185526,3
1.7650,20.00,0,1.9717,45.0778,1.0763,0.1195,0.1195, 0.11,0.0981,0.0769,0.0701,0.5376,0.0926,0.1241,0.1075, 0.5676,0.1376,0.1399,0.1399,0.5993,0.1393,0.1628 ,0.1601,0.1750, 0.0875,19.2519,15.3772,459,-5.054591100925174,69.82052578179393,19.850144817396625,19.580105050295625,26.169286944724288,24.05605319248248,-5.091388694945542,29.71154689402006,0.9334606459471565,0.2794947440155334,3
1.7500,21.00,0,2.3189,48.9212,1.0618,0.1860,0.1860, 0.14,0.1138,0.0672,0.0960,0.5190,0.1830,0.1944,0.1476, 0.6202,0.2812,0.2098,0.2098,0.6620,0.3290,0.2348 ,0.2348,0.1810, 0.0905,16.0908,15.8354,180,-0.774050795244418,65.43698411559575,21.23192030850216,20.564129771460223,19.843856855746225,23.95438386876256,10.168289913555586,24.46105159939475,0.8556562414622488,0.37643883094367003,3
1.7500,21.00,0,2.2298,47.9426,1.0732,0.1657,0.1657, 0.14,0.1064,0.0746,0.0799,0.5339,0.1979,0.1545,0.1240, 0.5857,0.2467,0.1709,0.1709,0.6154,0.2824,0.1940 ,0.1940,0.1810, 0.0905,17.3539,16.3053,341,-1.895707134910976,64.67591215700062,22.283272910969657,20.4583516581782,22.15506709011561,25.372058314313715,1.0112593274400166,26.799793215143506,0.9166812971553678,0.2981817047506234,3
1.7500,21.00,0,2.1236,43.6956,1.0701,0.1404,0.1404, 0.12,0.1030,0.0780,0.0708,0.5348,0.1988,0.1345,0.1116, 0.5624,0.2234,0.1514,0.1514,0.5993,0.2663,0.1690 ,0.1690,0.1810, 0.0905,18.1851,16.1728,529,-2.571951854224182,64.85859387082138,21.071958582094506,19.618994939867317,20.520789731936354,23.02336994484659,3.0084268660553914,25.798504759285613,0.922593918931492,0.2859042465454495,3
1.7650,20.00,0,1.4826,24.9045,1.0152,0.1370,0.1370, 0.11,0.1665,0.0085,0.0806,0.5269,0.0819,0.1783,0.1416, 0.6192,0.1892,0.1970,0.1970,0.6765,0.2165,0.2147 ,0.2147,0.1750, 0.0875,14.6800,14.0881,247,4.54642656906398,64.3912627914562,17.83656970249606,16.619699709288515,19.554759462859167,21.56210628399394,-2.3926268436876206,20.518475622192614,0.8275680085807664,0.35364057262504106,3
1.7650,20.00,0,1.5973,26.7846,1.0563,0.1138,0.1138, 0.10,0.1502,0.0248,0.0674,0.5211,0.0761,0.1319,0.1113, 0.5759,0.1459,0.1578,0.1578,0.6017,0.1417,0.1827 ,0.1827,0.1750, 0.0875,15.5181,13.5639,492,6.510288629907901,64.32209339899838,19.49740979825824,17.261065906346957,22.131730685279678,22.74483581679752,-1.9522618257080313,23.0288364940492,0.9243657976217465,0.2894534289849665,3
1.7650,20.00,0,2.8334,47.4026,1.2622,0.2589,0.2589, 0.23,0.1470,0.0280,0.0794,0.5791,0.1341,0.2062,0.1563, 0.6518,0.2218,0.1930,0.1930,0.7327,0.2727,0.2085 ,0.1987,0.1750, 0.0875,20.6088,15.4826,180,9.266349002067807,61.8793982432508,16.798355636463633,13.894823730667278,16.697934794711802,12.068082087206562,-2.254369168795592,16.364690594327143,0.7976091417223241,0.34169178627449864,4
1.7650,20.00,0,2.2621,34.2339,1.2819,0.1849,0.1849, 0.16,0.1353,0.0397,0.0614,0.6050,0.1600,0.1614,0.1266, 0.6421,0.2121,0.1541,0.1541,0.6893,0.2293,0.1727 ,0.1673,0.1750, 0.0875,18.5051,15.7206,460,6.4300775183622,61.45722240877425,17.976351637272835,14.997208885951585,17.513570398480553,11.462029045272514,-2.255345840665468,17.928056411227384,0.8956069540975055,0.29198672178869384,4
1.7500,21.00,0,2.2325,41.0978,1.0641,0.2885,0.2885, 0.24,0.1247,0.0563,0.0883,0.5678,0.2318,0.2242,0.1743, 0.7076,0.3686,0.1930,0.1930,0.6577,0.3247,0.2512 ,0.2512,0.1810, 0.0905,16.1794,17.8720,213,0.3275589555846786,62.884237365655096,16.140922960076768,15.587078006161601,16.884314141291085,15.694655439889218,5.90323029346328,17.873683814129734,1.073463631364966,0.5522551200214801,4
1.7500,21.00,0,2.1573,40.8299,1.1728,0.2310,0.2310, 0.20,0.1152,0.0658,0.0823,0.5797,0.2437,0.1923,0.1632, 0.6445,0.3055,0.1930,0.1930,0.6405,0.3075,0.2080 ,0.2080,0.1810, 0.0905,17.4202,17.9060,400,-1.9517897767673633,63.31057928385053,16.90563521479921,16.617985395939186,17.50912338166476,15.840833329698256,1.3146924919971819,18.646223002220857,1.015062757852118,0.4546270592990046,4
1.7500,21.00,0,2.0203,40.4816,1.2168,0.2109,0.2109, 0.19,0.1134,0.0676,0.0771,0.5813,0.2453,0.1748,0.1538, 0.6304,0.2914,0.1750,0.1750,0.6190,0.2860,0.1927 ,0.1927,0.1810, 0.0905,17.5214,17.6120,576,1.1753708084877206,64.14554272084355,18.276761035671395,17.305969723643496,16.83551544128403,15.9232442134342,-0.2576256270465155,18.80826482501284,1.0384501722516113,0.4022144424324702,4
1.7650,20.00,0,2.0251,31.0305,1.0517,0.1087,0.1087, 0.09,0.1168,0.0582,0.0771,0.5239,0.0789,0.1768,0.1423, 0.6204,0.1904,0.1935,0.1935,0.6702,0.2102,0.2196 ,0.2169,0.1750, 0.0875,16.4506,12.6635,249,-6.866521269223037,68.43028818401052,13.249677672235737,12.11057866269259,19.586782882331008,17.725755096189154,-5.101205859899118,13.387431358280777,0.8391465381978505,0.3551589913480646,4
1.7650,20.00,0,1.7999,27.1915,1.0802,0.0970,0.0970, 0.09,0.1106,0.0644,0.0635,0.5263,0.0813,0.1306,0.1088, 0.5764,0.1464,0.1549,0.1549,0.6108,0.1508,0.1791 ,0.1757,0.1750, 0.0875,16.4195,12.3796,535,-8.068170946692645,67.02606683227286,14.719943520632864,13.479856963121566,16.502192532323942,15.923183214052495,-4.575513070097788,13.919413060671436,0.9023159633478647,0.26855044198859074,4
1.7620,39.00,0,1.9149,20.6365,1.2620,0.1947,0.1947, 0.16,0.1256,0.0364,0.0718,0.6657,0.2502,0.2001,0.1148, 0.7706,0.3676,0.1231,0.1231,0.7612,0.3332,0.1822 ,0.1822,0.1620, 0.0810,17.4427,15.8448,319,-12.668626656855274,68.31873189026031,18.949230311784596,14.524321733297022,23.929642195882753,17.062856385309754,-2.305729692140921,14.328889334653287,0.9582523594857073,0.43337175025769825,4
1.7100,23.00,1,1.8907,17.9084,1.3577,0.2546,0.2546, 0.23,0.0834,0.0986,0.0815,0.7136,0.2686,0.2186,0.1301, 0.7933,0.3633,0.1633,0.1633,0.8198,0.3598,0.1373 ,0.1373,0.1820, 0.0910,14.1928,17.2731,442,12.187337907567919,62.12266679190358,15.409348563859233,14.876768761618777,17.12174535985809,12.979757569742633,-0.23112823646961853,12.232585554264675,0.8689962223289048,0.36907418832356564,4
1.6800,59.00,0,2.3583,30.2176,1.3049,0.1951,0.1951, 0.16,0.1241,0.0509,0.0744,0.6342,0.1892,0.1906,0.1173, 0.7107,0.2807,0.1586,0.1586,0.7673,0.3073,0.1622 ,0.1622,0.1750, 0.0875,18.8162,17.1407,276,-11.494111709876007,66.78588196032824,17.763315999720508,15.401298090472054,22.258177241057766,18.676250926753628,-5.274852789692446,24.237013949250382,0.8275503223031005,0.34355158791035084,4
1.6800,59.00,0,1.9431,27.8769,1.2653,0.1657,0.1657, 0.15,0.1208,0.0542,0.0708,0.6185,0.1735,0.1526,0.1149, 0.6548,0.2248,0.1505,0.1505,0.7014,0.2414,0.1515 ,0.1509,0.1750, 0.0875,17.7033,17.0155,553,-6.469117911166426,66.67530731861945,17.058285643538596,14.95166405124594,21.18599483956035,19.16947842615132,-5.514529433426422,23.871760762959006,0.8827116844827982,0.2661688725912366,4
1.7650,40.00,0,2.1057,28.3555,1.1229,0.1818,0.1818, 0.16,0.1718,0.0032,0.0856,0.6009,0.1559,0.1987,0.1407, 0.6858,0.2558,0.1809,0.1809,0.7358,0.2758,0.1914 ,0.1914,0.1750, 0.0875,19.4182,17.2053,244,-7.076535827481919,67.87465186360365,13.242394132109954,13.316972581131248,18.851393783262697,20.391596619741026,-1.3454827077373919,22.363972885145454,0.8567407139301856,0.41758807254926317,4
1.7650,40.00,0,2.0618,23.7593,1.2328,0.1930,0.1930, 0.18,0.1674,0.0076,0.0743,0.6219,0.1769,0.1592,0.1203, 0.6690,0.2390,0.1506,0.1506,0.6934,0.2334,0.1636 ,0.1601,0.1750, 0.0875,19.5332,16.4375,588,-12.369891533504786,65.66311776160886,14.038883537933316,14.334898802859936,19.413344709133078,19.65565872876908,0.8414250463536946,21.616083723453936,0.9420206419975514,0.3557191742425151,4
1.7750,30.00,0,1.4929,31.4711,1.1280,0.1262,0.1262, 0.10,0.1388,0.0592,0.0816,0.5969,0.1614,0.1833,0.1202, 0.6676,0.2526,0.1727,0.1727,0.7471,0.2911,0.1707 ,0.1707,0.1980, 0.0990,13.0400,15.9612,213,-13.082449271997334,70.53269400367797,17.470500846008385,13.67688175423037,19.430971479487294,12.673144945291417,-6.241402856100188,10.494161389758311,0.7847089093856883,0.31908791417436116,4
1.7750,30.00,0,1.5196,30.2769,1.1778,0.1378,0.1378, 0.12,0.1305,0.0675,0.0686,0.5786,0.1431,0.1457,0.1137, 0.6039,0.1889,0.1574,0.1574,0.6791,0.2231,0.1557 ,0.1521,0.1980, 0.0990,13.8696,15.6581,457,-8.143790605199598,69.04110663476226,15.445437765228931,13.931412384899511,19.421559626559517,13.125785676338241,0.41677369360458844,11.878695799801067,0.8392908066229686,0.27525300310765066,4
1.7750,30.00,0,1.5410,29.9623,1.1575,0.1538,0.1538, 0.14,0.1238,0.0742,0.0663,0.5880,0.1525,0.1294,0.1048, 0.6106,0.1956,0.1396,0.1396,0.6514,0.1954,0.1427 ,0.1403,0.1980, 0.0990,14.3361,15.9290,694,-7.373845074033857,69.41446023699017,14.841538791971,13.495969753061845,20.013097834700563,13.28797547620999,-1.8733598622431933,11.677039028965291,0.9155377313211197,0.2750937323164913,4
1.8100,20.00,0,2.1390,32.5160,1.0229,0.1749,0.1749, 0.14,0.1825,-0.0075,0.0865,0.6053,0.2453,0.2056,0.1404, 0.6760,0.3260,0.1905,0.1905,0.7530,0.3830,0.1856 ,0.1856,0.1750, 0.0875,17.3630,15.8946,228,-13.607956753631091,62.094126571468166,15.617399546390594,11.335347250586393,15.088968460011262,11.010757119000543,-1.4086824549347348,9.68075041740819,0.7815701270544896,0.3073139800538681,4
1.8100,20.00,0,2.1229,37.3372,1.1349,0.2164,0.2164, 0.20,0.1698,0.0052,0.0777,0.6035,0.2435,0.1705,0.1341, 0.6291,0.2791,0.1697,0.1697,0.6996,0.3296,0.1713 ,0.1713,0.1750, 0.0875,18.7322,16.4247,390,-14.183505318489699,64.60929218685067,17.22650414949862,12.311566894193025,16.01211186251413,12.4716096136204,0.2447450913637036,9.760612544917294,0.8435258133390223,0.25699637497666106,4
1.8100,20.00,0,2.0125,33.5064,1.2102,0.1998,0.1998, 0.19,0.1695,0.0055,0.0775,0.6066,0.2466,0.1587,0.1332, 0.6223,0.2723,0.1586,0.1586,0.6747,0.3047,0.1646 ,0.1646,0.1750, 0.0875,18.1390,16.7469,645,-15.546650000019486,64.65166848323844,18.065729787114403,12.729517118636174,17.87727205089225,13.381041123946487,-0.9980376676616328,11.194318048082737,0.8999007296309294,0.2767754454885132,4
1.7650,20.00,0,2.0190,39.8129,1.1789,0.1653,0.1653, 0.12,0.0984,0.0766,0.0822,0.5668,0.1218,0.1846,0.1363, 0.6661,0.2361,0.1786,0.1786,0.6976,0.2376,0.2050 ,0.2050,0.1750, 0.0875,14.6753,14.7486,217,5.880999230589606,62.407583358825846,14.240228947056009,12.140459741570856,15.153560700126352,12.168871883310203,-1.8353925714156527,13.395630965001432,0.8731402085589919,0.3677384761147238,4
1.7650,20.00,0,1.8461,31.8173,1.1753,0.1146,0.1146, 0.09,0.0992,0.0758,0.0671,0.5866,0.1416,0.1412,0.1076, 0.6332,0.2032,0.1453,0.1453,0.6645,0.2045,0.1614 ,0.1614,0.1750, 0.0875,16.1579,15.6759,490,2.470805181952111,64.54217067986325,14.062869070724778,11.509277598062031,16.553899681372332,14.04577244445102,-1.7955404117787874,12.681390074186183,0.911615536523691,0.2812246732605247,4
1.8100,45.00,0,2.0666,28.8845,1.1226,0.1787,0.1787, 0.12,0.1719,0.0261,0.0653,0.5527,0.1147,0.1761,0.1285, 0.6505,0.2195,0.1778,0.1778,0.6890,0.2440,0.2059 ,0.2059,0.1980, 0.0990,15.9168,13.3224,280,-16.420557709507733,68.89127299947343,15.022900552578283,12.013948713871654,17.58850332395329,9.014254813310965,-2.539716679813123,11.700640969738025,0.859604974821888,0.3556785698306501,4
1.8100,45.00,0,1.7670,21.5383,1.1289,0.1019,0.1019, 0.08,0.1696,0.0284,0.0580,0.5526,0.1146,0.1313,0.1022, 0.6010,0.1700,0.1493,0.1493,0.6344,0.1894,0.1667 ,0.1667,0.1980, 0.0990,15.4651,14.1126,688,-11.250455120266297,68.65020261186432,15.04096716614959,12.86370550778599,17.25103919867954,8.81276117267017,-1.2971493190078656,10.952050314071244,0.9030103891854402,0.2701622174860851,4
1.7700,40.00,0,2.1595,31.4344,1.1160,0.1941,0.1941, 0.17,0.1309,0.0661,0.0835,0.5820,0.1550,0.1955,0.1419, 0.6558,0.2178,0.1895,0.1895,0.7336,0.3176,0.1915 ,0.1915,0.1970, 0.0985,17.6734,16.0613,238,-10.39714837236078,61.39086868460765,19.56324399243352,17.403838925172572,19.32424237383263,13.134947883756274,-7.99825684170287,19.430169546107976,0.8011913640341486,0.3595562024182499,4
1.7700,40.00,0,1.9286,25.2402,1.2579,0.1875,0.1875, 0.17,0.1304,0.0666,0.0697,0.6187,0.1917,0.1556,0.1167, 0.6594,0.2214,0.1457,0.1457,0.6971,0.2811,0.1625 ,0.1625,0.1970, 0.0985,17.4833,16.4674,568,-11.299558263510157,61.19708906459187,18.086119924224732,17.042445083379473,18.19397761411693,12.740019141152848,-3.1336582996221596,19.83410040897856,0.9155175605565814,0.31555464285173973,4
1.7700,40.00,0,2.1178,48.9708,1.1504,0.1744,0.1744, 0.12,0.2468,-0.0498,0.1841,0.5749,0.1479,0.1851,0.1299, 0.6567,0.2187,0.1850,0.1850,0.7207,0.3047,0.1880 ,0.1880,0.1970, 0.0985,15.6746,11.7969,167,-13.24330816639512,63.91676431912415,18.482252808467013,17.271316554783375,10.14505750301792,8.540652001280694,-17.554162086836147,13.593381960616536,0.8110205239685354,0.34603452875510143,5
1.7700,40.00,0,1.8807,39.5763,1.1673,0.1343,0.1343, 0.11,0.2295,-0.0325,0.1762,0.5794,0.1524,0.1404,0.1056, 0.6178,0.1798,0.1498,0.1498,0.6667,0.2507,0.1589 ,0.1589,0.1970, 0.0985,15.9464,11.8235,382,-10.27484133446091,61.99592320564378,17.156126455302857,16.55196121930567,10.75032588221921,9.000655539859995,-3.736722391733391,20.706109616141557,0.8791647838294382,0.27006171689356123,5
1.7700,40.00,0,1.7379,38.1299,1.1696,0.1222,0.1222, 0.10,0.2229,-0.0259,0.1805,0.5776,0.1506,0.1246,0.0998, 0.6013,0.1633,0.1382,0.1382,0.6411,0.2251,0.1420 ,0.1420,0.1970, 0.0985,15.3422,11.8946,578,-10.878139492698116,62.7017591283389,17.079571103051975,16.747493176858605,11.158094733331746,9.171536618765668,-5.481257042797335,20.81060561371413,0.9112941494575065,0.25922610656483996,5
1.7700,40.00,0,1.9176,38.8467,1.1565,0.1112,0.1112, 0.09,0.2240,-0.0270,0.1766,0.5780,0.1510,0.1148,0.0951, 0.5930,0.1550,0.1276,0.1276,0.6297,0.2137,0.1310 ,0.1310,0.1970, 0.0985,16.4311,11.8911,791,-10.056374613510943,61.8572912120172,16.78240822286687,16.704345245337027,10.92802429715821,8.717266607221218,-2.0879599166079896,20.55103061528564,0.92723316804845,0.25115331584277134,5
1.8100,45.00,0,1.5219,22.1962,0.9939,0.0955,0.0955, 0.08,0.2265,-0.0285,0.0949,0.4943,0.0563,0.1729,0.1464, 0.5981,0.1671,0.2014,0.2014,0.6422,0.1972,0.2355 ,0.2355,0.1980, 0.0990,13.8749,10.3152,302,-6.1976671021524234,65.93035010705871,14.22286326494241,11.255514012321273,7.875245239414969,5.9864040461452985,-3.857702967074511,12.15808419823739,0.8482514493215064,0.3440288628440796,5
1.8100,45.00,0,1.5095,27.3363,0.9559,0.0829,0.0829, 0.07,0.2215,-0.0235,0.0945,0.4808,0.0428,0.1260,0.1134, 0.5421,0.1111,0.1637,0.1637,0.5616,0.1166,0.1977 ,0.1965,0.1980, 0.0990,13.9440,10.1072,505,-12.363833666268746,63.976315005185796,13.523327261728395,11.285607597244903,7.295476448181099,5.937561497004654,-1.1203294750503652,12.290109933362524,0.9318800758916228,0.2698800296778916,5
1.8100,45.00,0,1.5247,26.3332,0.9515,0.0695,0.0695, 0.06,0.2250,-0.0270,0.0910,0.4756,0.0376,0.1047,0.0962, 0.5201,0.0891,0.1411,0.1411,0.5300,0.0850,0.1715 ,0.1703,0.1980, 0.0990,14.2489,9.6916,789,-9.239964568347645,65.91934476265656,13.212155668272143,11.29551223096891,7.7132023789841115,6.080828691344835,-1.4203451309409358,12.526501030750175,0.9618266471879569,0.22848237966966478,5
1.7650,20.00,0,2.4564,67.4173,1.0943,0.1844,0.1844, 0.13,0.2184,-0.0434,0.1493,0.5296,0.0846,0.1783,0.1408, 0.6263,0.1963,0.1933,0.1933,0.6741,0.2141,0.2166 ,0.2166,0.1750, 0.0875,20.1611,13.2593,117,-4.820697431530307,64.08488676903832,18.55855854542457,16.847134742949184,15.92665176648115,8.709405606193446,-15.175953188666291,12.74732737839842,0.8380442777680924,0.3476740776643507,5
1.7650,20.00,0,1.7855,44.3206,1.0512,0.1203,0.1203, 0.11,0.1671,0.0079,0.1406,0.5411,0.0961,0.1331,0.1079, 0.5884,0.1584,0.1543,0.1543,0.6259,0.1659,0.1726 ,0.1726,0.1750, 0.0875,15.6415,13.6671,352,-8.114174521619425,62.567242253204455,18.579106750855775,16.93298361424027,16.189749765499247,10.194648317451428,-1.4793284546735992,20.23085818945958,0.8969788061996058,0.27631571842356867,5
1.7650,20.00,0,1.7214,40.6706,1.0487,0.1131,0.1131, 0.10,0.1718,0.0032,0.1367,0.5322,0.0872,0.1130,0.0956, 0.5682,0.1382,0.1333,0.1333,0.5887,0.1287,0.1568 ,0.1537,0.1750, 0.0875,15.9876,13.0632,556,-8.642450825130963,63.78226364089305,17.891161216451746,16.74650512583905,15.931808824037162,9.681924840299708,-1.5779346321953274,20.077623233437244,0.9462978314859358,0.2557809882344383,5
1.8100,20.00,0,2.9678,80.9065,1.0947,0.2597,0.2597, 0.14,0.2335,-0.0585,0.1318,0.5905,0.2305,0.1871,0.1170, 0.6717,0.3217,0.1727,0.1727,0.7321,0.3621,0.1877 ,0.1877,0.1750, 0.0875,21.8666,16.8751,101,-11.902614904288495,66.25790737710167,13.455370384123214,9.931475207101292,10.585069458848855,8.386919514716643,0.3227551675265318,16.619043430475422,0.8123383370038203,0.3161923197185356,5
1.8100,20.00,0,2.5463,56.5327,1.1593,0.1839,0.1839, 0.14,0.1933,-0.0183,0.1321,0.5875,0.2275,0.1560,0.1180, 0.6381,0.2881,0.1452,0.1452,0.6612,0.2912,0.1848 ,0.1848,0.1750, 0.0875,20.4714,17.0742,280,-12.67972755253135,61.997164469076644,15.094609514708335,11.902047998118496,12.460660160670189,9.760372077646094,0.6932304304724787,15.046618168205008,0.9443746416073671,0.32592368204438704,5
1.8100,20.00,0,2.2772,54.3466,1.1593,0.1677,0.1677, 0.14,0.1924,-0.0174,0.1220,0.5860,0.2260,0.1395,0.1122, 0.6229,0.2729,0.1376,0.1376,0.6353,0.2653,0.1646 ,0.1646,0.1750, 0.0875,19.2074,16.5311,421,-14.460872645005555,62.51914905332413,16.69604219144442,13.285196373416808,13.75356918528057,10.897013134951916,1.4160950783048312,14.37772470227343,0.984923689130426,0.359377357642798,5
1.8100,20.00,0,2.2888,51.9172,1.1557,0.1516,0.1516, 0.13,0.1907,-0.0157,0.1196,0.5900,0.2300,0.1295,0.1074, 0.6184,0.2684,0.1266,0.1266,0.6272,0.2572,0.1529 ,0.1529,0.1750, 0.0875,19.9409,16.5189,575,-16.20440764128948,61.73414910655014,16.255317090545898,13.596741871115073,13.031601787876989,10.592226735456562,-0.12487034028536742,14.304549335519262,0.9974852684936313,0.33310872509102146,5
1.7750,30.00,0,1.9691,48.1819,1.1008,0.1506,0.1506, 0.12,0.1691,0.0289,0.1104,0.5781,0.1426,0.1863,0.1322, 0.6514,0.2364,0.1895,0.1895,0.7314,0.2754,0.1790 ,0.1790,0.1980, 0.0990,14.6491,16.0312,165,-17.829772536098844,69.96371085072353,15.87256175205961,12.076419729196768,11.30800741988162,6.806383672487462,-7.7339631791097325,7.818003784281704,0.7744096645278986,0.3142212647458193,5
1.7750,30.00,0,1.6579,39.8073,1.1453,0.1421,0.1421, 0.12,0.1510,0.0470,0.0940,0.5896,0.1541,0.1430,0.1078, 0.6247,0.2097,0.1565,0.1565,0.6785,0.2225,0.1483 ,0.1483,0.1980, 0.0990,13.7747,15.7935,376,-3.98362430661259,70.251635827937,15.234203863976928,13.715249997430291,12.170155639239493,7.627843552832818,-0.36464133106429497,11.899692234198735,0.8647264035947299,0.2656158892674806,5
1.7750,30.00,0,1.5468,36.3909,1.1673,0.1377,0.1377, 0.12,0.1438,0.0542,0.0865,0.5876,0.1521,0.1269,0.1008, 0.6075,0.1925,0.1398,0.1398,0.6538,0.1978,0.1375 ,0.1335,0.1980, 0.0990,13.4785,15.5033,604,-6.0214710936288025,70.79246046045905,16.075788077486123,14.369317323111892,13.598805631439092,8.699380881111214,-1.845039093777461,11.45201004142197,0.8986214187620599,0.24776022724310523,5
1.7750,30.00,0,1.5124,33.8401,1.1406,0.1358,0.1358, 0.13,0.1375,0.0605,0.0839,0.5822,0.1467,0.1194,0.0999, 0.5969,0.1819,0.1304,0.1304,0.6338,0.1778,0.1339 ,0.1306,0.1980, 0.0990,13.6610,15.5225,837,-6.268711071885093,70.42843312170565,15.957557161218558,14.29996599687893,13.28808738431527,8.368773793947948,-0.4237239144128018,11.71329305877495,0.9267931522168616,0.2466720303349314,5
1.7650,40.00,0,2.0913,49.4852,1.1200,0.1464,0.1464, 0.10,0.2860,-0.1110,0.1318,0.5659,0.1209,0.1872,0.1388, 0.6640,0.2340,0.1791,0.1791,0.6980,0.2380,0.2092 ,0.2059,0.1750, 0.0875,23.4700,13.5179,113,-24.439004674928302,62.880142021288535,15.598141878023307,16.449090251245842,10.73349735069491,10.322179956047464,-12.943001964845745,15.311178286097393,0.858521264912078,0.33463074847726737,5
1.7650,40.00,0,2.0316,49.0059,1.1674,0.1606,0.1606, 0.13,0.2399,-0.0649,0.1320,0.5937,0.1487,0.1557,0.1226, 0.6427,0.2127,0.1581,0.1581,0.6679,0.2079,0.1694 ,0.1674,0.1750, 0.0875,21.8958,15.3592,253,-22.363412064888948,60.604008862626344,14.692914025168962,15.940567449822211,11.992801473872971,11.185355626760007,-0.8744229296117406,19.07048320241571,0.9225170990139782,0.2959977803992362,5
1.7650,40.00,0,2.0283,50.6733,1.1404,0.1555,0.1555, 0.14,0.2445,-0.0695,0.1297,0.5937,0.1487,0.1376,0.1136, 0.6265,0.1965,0.1411,0.1411,0.6463,0.1863,0.1541 ,0.1521,0.1750, 0.0875,21.3433,15.4599,381,-18.163023033860696,62.404908365749755,14.353557606293549,15.487716205398637,11.959127554468516,10.289824657233584,-4.836094095061437,18.730952262122994,0.9497885949471845,0.26670748807237143,5
1.7650,40.00,0,2.0760,52.0721,1.1295,0.1512,0.1512, 0.14,0.2336,-0.0586,0.1303,0.5870,0.1420,0.1256,0.1065, 0.6084,0.1784,0.1324,0.1324,0.6315,0.1715,0.1418 ,0.1401,0.1750, 0.0875,21.5882,15.5215,505,-14.248696524410134,62.22672692118475,15.031645743273925,15.829880089923549,11.294692448776953,9.92462044018244,-1.666578523483322,18.943130467404526,0.9524462043437725,0.25289035736313703,5
1.6800,59.00,0,2.6860,80.6105,1.0559,0.1652,0.1652, 0.12,0.1853,-0.0103,0.1356,0.5393,0.0943,0.1764,0.1360, 0.6310,0.2010,0.1867,0.1867,0.6858,0.2258,0.2097 ,0.2068,0.1750, 0.0875,21.1721,14.9140,102,-15.236938185873466,72.05459953304808,18.27211351371258,18.049510980107897,21.10585491874382,18.21262932363828,-15.275235517132627,16.271947159375785,0.8298686937718894,0.34270559609355633,5
1.6800,59.00,0,2.0709,57.2315,1.0931,0.1385,0.1385, 0.11,0.1739,0.0011,0.1272,0.5448,0.0998,0.1334,0.1079, 0.5932,0.1632,0.1527,0.1527,0.6279,0.1679,0.1722 ,0.1705,0.1750, 0.0875,21.4657,15.5391,236,-17.894848881546256,68.74678876599377,18.02614891998076,17.294083230280933,17.445591934659124,15.7101084651994,-2.707951307110321,19.67483823504354,0.9061525613401515,0.2847299079652914,5
1.6800,59.00,0,2.0242,55.0140,1.0941,0.1102,0.1102, 0.09,0.1856,-0.0106,0.1220,0.5462,0.1012,0.1143,0.0945, 0.5812,0.1512,0.1313,0.1313,0.6021,0.1421,0.1524 ,0.1494,0.1750, 0.0875,21.1872,15.2068,372,-19.26597767946946,67.461821908178,16.742796852308548,16.23789290727945,16.416099657195016,14.180798848779984,-3.8913489984845526,19.41974542826473,0.9456983581384838,0.2548150837966247,5
1.6800,59.00,0,2.0018,54.7948,1.0977,0.1036,0.1036, 0.09,0.1876,-0.0126,0.1172,0.5446,0.0996,0.1011,0.0850, 0.5713,0.1413,0.1170,0.1170,0.5876,0.1276,0.1377 ,0.1354,0.1750, 0.0875,20.9991,15.2445,501,-15.299772670524769,68.94046158219268,16.468130013642476,16.18007424789393,15.400273611799472,13.562935842034877,-2.0516353181600326,18.943361831347076,0.9598646337298016,0.22710248784341025,5
1.7100,23.00,1,1.7663,35.2763,0.9980,0.1718,0.1718, 0.13,0.1054,0.0766,0.1245,0.5206,0.0756,0.1751,0.1407, 0.6194,0.1894,0.1930,0.1930,0.6656,0.2056,0.2212 ,0.2171,0.1820, 0.0910,17.8810,15.2115,160,4.109914047632591,59.421594204227745,16.299791828963183,17.068184937898707,12.709805340346454,8.616571636562712,-9.425962144945991,14.956378542656916,0.8402357665120759,0.33953809059157647,5
1.7100,23.00,1,1.8154,37.6929,1.0306,0.1308,0.1308, 0.10,0.0998,0.0822,0.1189,0.5204,0.0754,0.1316,0.1112, 0.5804,0.1504,0.1552,0.1552,0.5959,0.1359,0.1856 ,0.1820,0.1820, 0.0910,15.1472,14.8157,378,5.409466315250295,51.9064933523566,16.518311818728154,17.491924357652984,12.192179328309269,8.980634027250288,-0.5849680417907831,15.3582289566307,0.9422483394372101,0.293170819264385,5
1.7100,23.00,1,1.6598,34.2631,1.0491,0.1122,0.1122, 0.09,0.0954,0.0866,0.1206,0.5231,0.0781,0.1121,0.0964, 0.5638,0.1338,0.1339,0.1339,0.5758,0.1158,0.1605 ,0.1581,0.1820, 0.0910,13.9763,14.3980,634,3.8741742456584514,50.532040668615906,16.71754113140158,17.86271367556115,12.846907901896344,9.154248415203217,-3.7716106780185283,15.72242367942316,0.9627356324090878,0.25796091656220976,5
1.7100,23.00,1,1.6974,37.6361,1.0306,0.1051,0.1051, 0.09,0.0986,0.0834,0.1202,0.5169,0.0719,0.1001,0.0880, 0.5510,0.1210,0.1218,0.1218,0.5547,0.0947,0.1461 ,0.1434,0.1820, 0.0910,14.9101,14.3094,748,5.551250542885753,50.87964988794492,16.599181581954202,17.561904361906816,12.79467705113917,9.10540594647889,-1.3786718751900746,16.74636678339679,0.9836891109027481,0.23234128522928102,5
1.7620,39.00,0,1.9536,45.6042,0.9880,0.1186,0.1186, 0.09,0.1757,-0.0137,0.1201,0.5007,0.0852,0.1836,0.1499, 0.5936,0.1906,0.2126,0.2126,0.6576,0.2296,0.2313 ,0.2296,0.1620, 0.0810,16.3073,13.0504,153,1.1429187970885069,65.33436471325751,16.156054028435307,14.195149356154177,16.342103833502918,10.415937335706582,-5.674232853483467,15.672836565515377,0.8181762463108432,0.3570141988220209,5
1.7620,39.00,0,2.1307,60.5416,1.0005,0.1117,0.1117, 0.09,0.1932,-0.0312,0.1161,0.4999,0.0844,0.1376,0.1171, 0.5520,0.1490,0.1685,0.1685,0.5868,0.1588,0.1943 ,0.1919,0.1620, 0.0810,18.3321,13.0305,237,2.8435562145739155,65.84965429646041,16.872803179473596,14.826537330995668,15.653161422417538,10.124138601691008,0.49470623397387886,17.376927217634577,0.9114649236215949,0.2954722032031878,5
1.7620,39.00,0,2.0938,55.8128,1.0099,0.1035,0.1035, 0.08,0.1896,-0.0276,0.1119,0.5079,0.0924,0.1202,0.1035, 0.5414,0.1384,0.1452,0.1452,0.5697,0.1417,0.1689 ,0.1663,0.1620, 0.0810,18.6169,12.8498,382,-1.3825446701909248,66.2828130278878,16.560159815547586,15.042222931015983,15.384766298355263,9.616516670700372,-4.034849779218653,17.757429124035504,0.9408389803360533,0.2784455098853786,5
1.7620,39.00,0,2.2808,58.7338,1.0059,0.1130,0.1130, 0.10,0.1855,-0.0235,0.1082,0.5124,0.0969,0.1108,0.0970, 0.5353,0.1323,0.1329,0.1329,0.5620,0.1340,0.1519 ,0.1497,0.1620, 0.0810,19.0883,13.0289,518,-2.7943727485047676,65.985525980021,16.74775384177029,14.956192744382204,15.34417920823357,9.941047072538304,-0.38173258869387194,18.001271497151674,0.9501036399631226,0.26431901497564797,5
1.7650,20.00,0,2.6816,83.3165,1.0474,0.1844,0.1844, 0.14,0.1711,0.0039,0.1240,0.5533,0.1083,0.1969,0.1559, 0.6756,0.2456,0.1946,0.1946,0.6650,0.2050,0.2232 ,0.2183,0.1750, 0.0875,19.9517,14.7162,96,-5.774747190659526,63.66321719861745,13.128699240566647,10.198053242652401,19.89251107232636,14.371902577509758,-14.64971297443093,15.520910259538807,0.9700171730784948,0.48128034914373696,5
1.7650,20.00,0,2.1901,76.3758,1.0651,0.1702,0.1702, 0.14,0.1532,0.0218,0.1209,0.5402,0.0952,0.1499,0.1273, 0.6174,0.1874,0.1664,0.1664,0.5952,0.1352,0.1879 ,0.1806,0.1750, 0.0875,16.3405,14.8146,212,-1.0771938835804824,63.20554902547502,13.282746046609605,10.37344702004609,18.172177526311906,15.871495413074204,-6.765230332392599,18.752947418434246,1.0229389872419403,0.371528936749003,5
1.7650,20.00,0,2.1202,59.2849,1.0834,0.1172,0.1172, 0.10,0.1582,0.0168,0.1086,0.5327,0.0877,0.1273,0.1111, 0.5863,0.1563,0.1491,0.1491,0.5715,0.1115,0.1631 ,0.1568,0.1750, 0.0875,17.5884,13.9836,389,-3.3339483357584188,62.38858991047497,16.615455877166912,13.567758910906102,17.703778549632915,15.419099116960995,-4.398680184058846,18.096172295799274,1.0157950122040853,0.3103058111542801,5
1.7650,20.00,0,2.0036,57.1801,1.0705,0.1099,0.1099, 0.10,0.1556,0.0194,0.1097,0.5271,0.0821,0.1129,0.1001, 0.5657,0.1357,0.1367,0.1367,0.5596,0.0996,0.1459 ,0.1404,0.1750, 0.0875,17.4805,14.0786,520,-3.889964877323148,60.92629448705197,17.69406556723833,14.559374486399415,16.786450528235743,15.511254875706307,-3.15495379909363,17.288152024220913,1.0037931874596522,0.27746815449667134,5
1.7500,21.00,0,1.9861,65.9394,0.9819,0.2137,0.2137, 0.15,0.1491,0.0319,0.1362,0.5248,0.1888,0.1872,0.1362, 0.6020,0.2630,0.2116,0.2116,0.6901,0.3571,0.2104 ,0.2104,0.1810, 0.0905,19.9161,15.6802,91,3.0077640362254616,58.27847508701539,17.55450712574012,17.93364953298594,16.01664413557363,13.398797235795303,12.00304745675926,12.81721596440703,0.7728919666254296,0.3395245017450564,5
1.7500,21.00,0,1.7769,49.3313,1.0420,0.1601,0.1601, 0.12,0.1393,0.0417,0.1172,0.5214,0.1854,0.1430,0.1118, 0.5679,0.2289,0.1715,0.1715,0.6101,0.2771,0.1839 ,0.1839,0.1810, 0.0905,18.8555,14.5703,250,-5.261620628410616,62.20122379316078,18.839473706069274,18.66581851742261,16.99155552067158,13.177379836114415,-0.8711075781475643,17.69185815065344,0.8962216307783638,0.30287844349022747,5
1.7500,21.00,0,1.6653,49.1932,1.0381,0.1401,0.1401, 0.11,0.1349,0.0461,0.1126,0.5112,0.1752,0.1298,0.1089, 0.5416,0.2026,0.1563,0.1563,0.5756,0.2426,0.1703 ,0.1703,0.1810, 0.0905,17.9759,14.7359,373,-3.057813188502109,61.51275631028344,19.383071631865047,19.353677191188723,16.66593718006183,12.844858148683905,-0.22446501317179865,17.077869724266865,0.9215901780688791,0.2590113254120476,5
1.7500,21.00,0,1.7465,47.3115,1.0581,0.1237,0.1237, 0.11,0.1332,0.0478,0.1052,0.5133,0.1773,0.1179,0.1007, 0.5357,0.1967,0.1403,0.1403,0.5632,0.2302,0.1550 ,0.1550,0.1810, 0.0905,18.5314,14.6683,536,-1.2885482252517964,62.47576183895198,19.569949393424572,19.5962781229848,17.66620131751626,13.410294928768145,-1.5865448908866366,17.828946429368866,0.9454921427158843,0.2613669014107414,5
1.7650,20.00,0,2.4712,40.7343,1.0026,0.1254,0.1254, 0.10,0.1565,0.0185,0.0964,0.5131,0.0681,0.1746,0.1436, 0.6138,0.1838,0.1958,0.1958,0.6585,0.1985,0.2252 ,0.2252,0.1750, 0.0875,17.5999,12.8653,208,5.5093341840881624,63.70870813154084,14.994039110921848,14.635289020274532,14.832419098823545,12.331121909746733,0.08914163596140835,12.909520842908266,0.845962702209514,0.34481537155741476,5
1.7650,20.00,0,2.2024,36.6447,1.0208,0.1016,0.1016, 0.09,0.1430,0.0320,0.0918,0.5115,0.0665,0.1285,0.1096, 0.5650,0.1350,0.1566,0.1566,0.5949,0.1349,0.1855 ,0.1816,0.1750, 0.0875,18.1101,12.9283,425,11.949407106213338,60.81785581752876,14.42506090431447,13.745951767074601,13.018801371325997,10.546055291475724,-0.3975006511926911,12.896938445406544,0.9117179881096504,0.26689806444774467,5
